x1,x2,x3,x4,x5,x6,x7,x8,x9,x10,x11,x12,x13,x14,x15,y
5,84.5,7,5,856,854,1710,2,3,1,8,0,548,35,y,1918
31,96,6,8,1262,0,1262,2,3,1,6,1,460,48,y,1870
7,112.5,7,5,920,866,1786,2,3,1,6,1,608,35,y,2023
91,95.5,7,5,961,756,1717,1,3,1,7,1,642,35,y,1567
8,142.6,8,5,1145,1053,2198,2,4,1,9,1,836,40,y,2345
16,141.15,5,5,796,566,1362,1,1,1,5,0,480,25,y,1485
3,100.84,8,5,1694,0,1694,2,3,1,7,1,636,40,y,3125
36,103.82,7,6,1107,983,2090,2,3,1,7,2,484,42,y,2055
77,61.2,7,5,1022,752,1774,2,2,2,8,2,468,35,y,1354
69,74.2,5,6,1077,0,1077,1,2,2,5,2,205,30,n,1235
43,112,5,5,1040,0,1040,1,3,1,5,0,384,25,n,1350
1,119.24,9,5,1182,1142,2324,3,4,1,11,2,736,45,n,3505
46,129.68,5,6,912,0,912,1,2,1,4,0,352,30,n,1495
1,106.52,7,5,1494,0,1494,2,3,1,7,1,840,35,n,2850
48,109.2,6,5,1253,0,1253,1,2,1,5,1,352,30,n,1625
78,61.2,7,8,854,0,854,1,2,1,5,0,576,56,n,1375
40,112.41,6,7,1004,0,1004,1,2,1,5,1,480,42,n,1545
39,107.91,4,5,1296,0,1296,2,2,2,6,0,516,20,n,955
4,136.95,5,5,1114,0,1114,1,3,1,6,0,576,25,n,1645
51,75.6,5,6,1339,0,1339,1,3,1,6,0,294,30,n,1445
1,142.15,8,5,1158,1218,2376,3,4,1,9,1,853,40,n,3308
77,74.49,7,7,1108,0,1108,1,3,1,6,1,280,49,n,1449
6,97.42,8,5,1795,0,1795,2,3,1,7,1,534,40,n,2355
31,42.24,5,7,1060,0,1060,1,3,1,6,1,572,35,n,1354
42,82.46,5,8,1060,0,1060,1,3,1,6,1,270,40,n,1595
2,142.3,8,5,1600,0,1600,2,3,1,7,1,890,40,n,2618
59,72,5,7,900,0,900,1,3,1,5,0,576,35,n,1403
3,114.78,8,5,1704,0,1704,2,3,1,7,1,772,40,n,3115
49,163.21,5,6,1600,0,1600,1,2,1,6,2,319,30,n,2130
81,63.24,4,6,520,0,520,1,1,1,4,0,240,24,n,740
88,85,4,4,649,668,1317,1,3,1,6,0,250,16,n,455
42,85.44,5,6,1228,0,1228,1,3,1,6,0,271,30,n,1548.5
1,110.49,8,5,1234,0,1234,2,3,1,7,0,484,40,n,1854
51,105.52,5,5,1700,0,1700,1,4,1,6,1,447,25,y,1710
2,73.13,9,5,1561,0,1561,2,2,1,6,1,556,45,y,2830
2,134.18,8,5,1132,1320,2452,3,4,1,9,1,691,40,y,3145
15,108.59,5,5,1097,0,1097,1,3,1,6,0,672,25,y,1505
55,85.32,5,6,1297,0,1297,1,3,1,5,1,498,30,y,1585
57,79.22,5,7,1057,0,1057,1,3,1,5,0,246,35,y,1145
53,60.4,4,5,1152,0,1152,2,2,2,6,0,0,20,y,875
41,86.58,6,5,1324,0,1324,2,3,1,6,1,440,30,y,1655
48,169.05,5,6,1328,0,1328,1,2,1,5,2,308,30,y,1755
24,91.8,5,7,884,0,884,1,2,1,5,0,504,35,y,1495
33,92,5,6,938,0,938,1,3,1,5,0,308,30,y,1357.5
47,79.45,5,6,1150,0,1150,1,3,1,6,0,300,30,y,1465
5,76.58,9,5,1752,0,1752,2,2,1,6,1,576,45,y,3254
6,128.22,7,5,1518,631,2149,1,1,1,6,1,670,35,y,2451.86
1,110.96,8,5,1656,0,1656,2,3,1,7,0,826,40,y,2552
89,44.56,4,5,736,716,1452,2,2,3,8,0,0,20,y,1185
41,77.42,5,7,955,0,955,1,3,1,6,0,386,35,y,1325
10,138.69,6,6,794,676,1470,2,3,1,6,0,388,36,y,1825
72,62.4,6,6,816,0,1176,1,3,1,6,1,528,36,n,1200
47,84.72,5,5,816,0,816,1,2,1,5,0,516,25,n,1155
25,502.71,9,5,1842,0,1842,0,0,1,5,1,894,45,n,3905
52,71.34,5,5,1360,0,1360,1,3,1,6,1,572,25,n,1355
44,101.75,6,5,1425,0,1425,2,3,1,7,1,576,30,n,1860
10,26.45,8,5,983,756,1739,2,3,1,7,0,480,40,n,1780
2,116.45,7,5,860,860,1720,2,3,1,7,0,565,35,n,2020
0,136.82,10,5,1426,1519,2945,3,3,1,10,1,641,50,n,4442.8
36,72,5,7,780,0,780,1,2,1,4,0,352,35,n,1304
2,130.72,6,5,1158,0,1158,1,3,1,5,0,576,30,n,1635
87,72,5,7,581,530,1111,1,3,1,6,0,288,35,n,1065
1,64.42,8,5,1370,0,1370,2,2,1,6,1,484,40,n,2080
89,103,7,6,902,808,1710,2,3,1,9,0,480,42,n,1455
12,93.75,7,5,1057,977,2034,2,3,1,8,0,645,35,n,2250
3,95.91,8,5,1143,1330,2473,2,4,1,9,1,852,40,n,3225
40,199,7,5,2207,0,2207,2,3,1,7,1,576,35,n,1855
4,106.65,7,5,1479,0,1479,2,3,1,7,0,558,35,n,2315
65,46.08,4,6,747,0,747,1,2,1,4,0,220,24,n,855
53,155.93,7,4,1304,983,2287,2,3,1,7,1,667,28,n,2305
34,136.51,7,6,2223,0,2223,2,3,1,8,2,516,42,y,2495
25,75.99,4,6,845,0,845,1,2,1,4,0,360,24,y,1350
11,101.41,7,5,885,833,1718,2,3,1,7,1,427,35,y,1905
56,102,5,7,1086,0,1086,1,3,1,6,0,490,35,y,1504
95,57.9,3,6,840,765,1605,2,3,2,8,0,379,18,y,1129
36,15.96,4,5,526,462,988,1,2,1,5,0,297,20,y,965
52,84.75,4,7,952,0,952,1,2,1,4,0,283,28,y,1412.5
60,86.35,5,5,1072,213,1285,1,2,1,6,0,240,25,y,1325
42,107.78,4,5,1768,0,1768,2,4,2,8,0,0,20,y,1420
99,104.4,5,6,682,548,1230,1,2,1,5,0,440,30,y,1155
41,130,6,6,1182,960,2142,2,4,1,8,1,509,36,y,1990
8,45,6,5,1337,0,1337,2,2,1,5,0,405,30,y,1590
1,102.06,8,5,1563,0,1563,2,3,1,6,1,758,40,y,2505
47,88.92,5,5,1065,0,1065,1,3,1,6,0,461,25,y,1320
14,85.3,7,5,804,670,1474,2,3,1,7,1,400,35,y,1740
15,160.59,8,5,1301,1116,2417,2,4,1,9,1,462,40,y,2655
4,119.11,6,5,684,876,1560,2,3,1,6,1,400,30,y,1795
0,39.51,6,5,612,612,1224,2,2,1,4,0,528,30,y,1700
94,84.7,3,2,1013,0,1526,1,2,1,6,0,0,6,y,905
13,80.7,4,5,990,0,990,1,3,1,5,0,0,20,y,1291
56,72,4,5,1040,0,1040,1,2,1,4,0,420,20,y,1154
45,85,5,3,1235,0,1235,1,2,1,6,0,480,15,y,1041
88,133.6,5,7,964,0,964,1,2,1,5,0,432,35,y,1690
97,72,6,6,1260,1031,2291,2,4,2,9,1,506,36,y,1394
10,93.37,6,5,905,881,1786,2,3,1,7,0,684,30,y,2102.5
16,97.65,6,8,680,790,1470,2,3,1,6,1,420,48,y,1905
7,102.64,7,5,1588,0,1588,2,3,1,6,0,472,35,y,2195
42,109.21,4,5,960,0,960,1,3,1,6,0,432,20,y,1002.5
90,106.25,5,5,835,0,835,1,2,1,5,0,366,25,y,885
51,93.2,4,5,1225,0,1225,1,3,1,6,0,0,20,y,1344.5
33,106.03,6,7,1610,0,1610,2,3,1,6,2,480,42,y,2105
25,92.06,6,5,977,755,1732,2,3,1,7,1,476,30,y,1835
30,70.18,5,5,1535,0,1535,2,4,2,8,0,410,25,y,1244.64
1,104.02,7,5,1226,0,1226,2,3,1,6,0,740,35,y,2044
76,77.58,7,4,1226,592,1818,1,4,1,7,2,240,28,y,1750
5,93.75,8,5,1053,939,1992,2,3,1,9,1,648,40,y,2555
122,108,4,7,1047,0,1047,1,2,1,6,0,273,28,y,1055
60,60,5,5,789,0,789,1,2,1,5,0,250,25,n,1205
88,85,5,7,997,520,1517,2,3,1,7,0,0,35,n,1205
33,117.51,6,6,1844,0,1844,2,3,1,7,1,546,36,n,1955
52,95.25,6,4,1216,639,1855,2,4,1,7,0,325,24,n,1424
10,77.5,7,5,774,656,1430,2,3,1,7,1,400,35,n,1855
0,99.65,7,5,1282,1414,2696,2,4,1,10,1,792,35,n,3894.7
54,210,6,5,2259,0,2259,2,3,1,7,2,450,30,n,2225
62,72.59,6,8,1436,884,2320,2,3,1,9,1,180,48,n,2650
8,32.3,6,5,729,729,1458,2,2,1,5,1,440,30,n,1815
47,116.16,5,5,1092,0,1092,1,3,1,6,1,288,25,n,1445
1,85.36,5,5,1125,0,1125,1,2,1,5,0,430,25,n,1605
20,123.76,7,5,1699,1523,3222,3,5,1,11,2,594,35,n,3255
1,84.61,6,5,728,728,1456,2,3,1,8,1,390,30,n,1694.9
37,214.53,6,5,988,0,988,1,1,1,4,2,540,30,n,1855
68,60.6,4,5,772,351,1123,1,3,1,4,0,264,20,n,1055
50,94.64,6,7,1080,0,1080,1,3,1,5,0,288,42,n,1415
15,78.92,6,5,1199,0,1199,2,2,1,5,0,530,30,n,1594
30,170.43,6,5,1586,0,1586,2,3,1,7,1,435,30,n,1865
71,67.8,6,8,520,0,754,1,2,1,5,0,0,48,n,900
31,49.28,6,5,958,0,958,2,2,1,5,1,440,30,n,1335
77,43.88,5,7,840,0,840,1,3,1,5,1,0,35,n,925
40,75.9,6,5,660,688,1348,1,3,1,6,1,453,30,n,1605
48,89.73,5,7,1053,0,1053,1,3,1,6,0,750,35,n,1555
40,142,7,6,1216,941,2157,2,4,1,8,2,487,42,n,2315
9,122.24,6,5,1022,1032,2054,2,3,1,7,1,390,30,n,2495
48,73.88,5,6,1327,0,1327,1,3,1,7,0,624,30,n,1562.5
8,68.53,8,5,1296,0,1296,2,2,1,6,0,471,40,n,2255
38,103.35,5,6,1721,0,1721,2,3,1,7,1,440,30,n,1855
38,104,7,6,1682,0,1682,2,3,1,7,1,530,42,n,1795
40,103.55,5,5,1214,0,1214,2,3,1,5,1,318,25,n,1485
18,110.7,7,5,1959,0,1959,3,5,2,9,0,766,35,n,1765
9,90.66,8,5,1004,848,1852,2,3,1,7,2,660,40,n,2355
12,154.26,6,5,928,836,1764,2,3,1,7,0,470,30,n,2370
39,105,4,5,864,0,864,1,3,1,5,1,0,20,n,1205
1,116.45,7,5,1734,0,1734,2,3,1,7,0,660,35,n,2655
58,85.2,5,4,910,475,1385,2,4,1,6,0,720,20,n,1715
10,103.35,7,5,1501,0,1501,2,3,1,6,0,577,35,n,2095
43,91,5,5,1728,0,1728,2,6,2,10,0,504,25,n,1305
2,25.22,6,5,970,739,1709,2,3,1,7,0,380,30,n,1355
78,61.2,5,7,875,0,875,1,2,1,5,0,180,35,n,1105
9,95.05,7,5,884,1151,2035,2,3,1,8,1,434,35,n,2280
4,75,7,5,1080,0,1080,1,3,1,6,0,0,35,n,1465
70,62.4,5,4,896,448,1344,1,3,1,7,0,240,20,n,1205
32,103.56,5,6,969,0,969,1,3,1,5,0,440,30,n,1275
1,138.91,8,5,1710,0,1710,2,2,1,6,1,866,40,n,3779.02
35,148.03,6,5,1097,896,1993,2,4,1,8,1,495,30,n,1955
48,135,6,7,1252,0,1252,1,1,1,4,1,564,42,n,2405
83,113.4,6,5,1200,0,1200,1,4,1,7,0,312,30,n,1305
84,96,6,5,572,524,1096,1,2,1,5,0,0,30,n,845
56,72,5,7,1040,0,1040,1,2,1,5,0,625,35,n,1150
1,120.03,8,5,774,1194,1968,2,4,1,8,1,680,40,n,2750
6,125.52,7,5,991,956,1947,2,3,1,8,1,678,35,n,2604
1,193.78,7,5,1392,1070,2462,2,4,1,9,1,576,35,n,3255
24,111.2,6,6,1232,0,1232,2,3,1,6,0,516,36,n,1680
5,136.88,9,5,1572,1096,2668,2,3,1,10,2,726,45,n,4180
5,121.82,7,5,1541,0,1541,2,3,1,7,1,532,35,n,2255
51,55,4,6,882,0,882,1,1,1,4,0,0,24,n,1087
81,54,6,7,1149,467,1616,2,3,1,5,0,216,42,n,1575
68,101.06,5,7,808,547,1355,2,4,2,6,0,0,35,n,1330
54,107.08,5,5,1867,0,1867,1,2,1,7,3,303,25,n,1955
0,105.62,8,5,1610,551,2161,1,3,1,8,1,789,40,n,3311.24
3,82.44,7,5,840,880,1720,2,3,1,7,1,440,35,n,1890
25,166.69,8,6,1707,0,1707,2,2,1,6,1,511,48,n,2335
66,123.58,5,6,854,0,1382,1,2,1,7,0,660,30,n,1340
50,317.7,6,5,1656,0,1656,1,3,1,7,2,528,30,n,2205
19,53.06,7,7,1064,703,1767,2,2,1,5,1,504,49,n,2445
47,101.97,6,5,1362,0,1362,1,3,1,6,1,504,30,n,1685
22,124.16,6,5,1651,0,1651,2,3,1,7,1,616,30,n,1895
57,126.15,6,7,2158,0,2158,2,4,1,7,1,576,42,n,2485
19,100.29,6,5,1164,896,2060,2,4,1,8,1,521,30,n,2165
48,136.5,5,5,1252,668,1920,2,4,1,8,1,451,25,n,1780
1,174.23,9,5,2234,0,2234,2,1,1,9,1,1166,45,n,5073.37
84,85.2,5,6,968,0,968,1,2,1,5,0,480,30,n,1055
7,21.17,6,5,769,756,1525,2,3,1,5,1,440,30,n,1825
86,75.88,7,6,901,901,1802,1,4,1,9,1,216,42,n,2056
50,90.6,5,6,1340,0,1340,1,3,1,7,1,252,30,n,1255
5,114.26,7,5,1362,720,2082,2,3,1,6,0,484,35,n,2055
98,74.38,5,8,936,316,1252,1,3,1,5,0,576,40,n,1325
114,229.5,10,9,1518,1518,3608,2,4,1,12,2,840,90,n,4805
19,99.47,7,5,1217,0,1217,2,3,1,6,0,497,35,n,1785
93,104.1,5,7,808,704,1656,2,3,1,8,0,180,35,n,1405
30,70.18,5,5,1224,0,1224,0,2,2,6,2,528,25,n,1588.37
7,49.23,8,5,1593,0,1593,1,0,1,5,1,682,40,n,2915
75,105.7,8,8,1549,1178,2727,2,3,1,10,2,440,64,n,3205
35,74.72,7,9,725,754,1479,1,4,1,7,0,484,63,n,1895
10,90.17,7,5,1431,0,1431,2,3,1,6,0,666,35,n,1975
2,25.22,7,5,970,739,1709,2,3,1,7,0,380,35,n,1355
36,71.8,5,7,864,0,864,1,3,1,5,0,352,35,n,1325
33,22.8,6,6,855,601,1456,2,3,1,7,1,440,36,n,1540
0,94.16,7,5,1726,0,1726,2,3,1,8,1,786,35,n,3173.72
88,254.19,8,4,1360,1360,3112,2,4,1,8,1,795,32,n,2405
97,55.2,6,6,929,929,2229,1,5,1,8,0,0,36,n,1095
5,95.91,8,5,1713,0,1713,2,3,1,7,1,856,40,n,2804
7,85.46,4,5,1121,0,1121,2,2,1,5,0,440,20,n,1455
31,101.25,6,6,1279,0,1279,2,3,1,6,2,473,36,n,1770
82,70,6,6,865,445,1310,2,2,1,6,0,398,36,n,1175
4,44.38,6,5,848,0,848,1,1,1,3,1,420,30,n,1545
62,35,5,7,720,564,1284,1,2,1,5,0,240,35,n,1155
19,118.51,7,5,1442,0,1442,2,3,1,5,0,500,35,n,1860
45,136.73,5,5,1696,0,1696,1,3,1,8,1,349,25,n,1494
48,124.93,4,5,1100,0,1100,1,3,1,6,1,312,20,n,1465
19,143.64,7,5,1180,882,2062,2,3,1,7,1,454,35,n,2825
44,82.5,6,7,1092,0,1092,1,3,1,6,0,504,42,n,1505
83,56.04,5,6,864,0,864,1,2,1,5,0,0,30,n,1035
1,104.2,6,5,1212,0,1212,2,3,1,6,0,460,30,n,1915
0,86.4,7,5,932,920,1852,2,3,1,7,1,644,35,n,2581.78
11,135.68,5,5,990,0,990,1,3,1,5,0,576,25,n,1615
33,109,6,7,689,703,1392,1,3,1,6,0,299,42,n,1672.5
49,100.11,5,6,1236,0,1236,1,2,1,6,1,447,30,n,1399.5
4,84.5,7,5,1436,0,1436,2,3,1,8,0,484,35,n,2155
81,99.06,4,4,810,518,1328,1,3,1,8,0,210,16,n,1125
69,156.6,7,9,1137,817,1954,1,3,1,8,2,431,63,n,3170
1,30.1,7,5,1248,0,1248,2,2,1,5,0,438,35,n,1727.4
0,89.9,7,5,1498,0,1498,2,2,1,5,0,675,35,n,2104
7,80.68,6,5,1010,1257,2267,2,4,1,8,1,390,30,n,2055
31,114.75,6,6,811,741,1552,2,3,1,6,1,434,36,n,1854
38,105,4,6,864,0,864,1,2,1,4,0,576,24,n,1025
6,134.72,10,5,2392,0,2392,2,3,1,8,1,968,50,n,3917.5
38,16.8,5,5,630,672,1302,2,3,1,6,0,280,25,n,1175
12,99.5,7,5,1214,1306,2520,2,4,1,9,1,721,35,n,2955
38,18.69,6,6,483,504,987,1,2,1,5,0,280,36,n,1115
43,85.21,5,5,912,0,912,1,3,1,5,1,336,25,n,1305
4,31.82,7,5,1555,0,1555,2,2,1,7,1,430,35,n,1980
51,87.6,6,6,1194,0,1194,1,3,1,6,0,312,36,n,1535
14,151.38,8,5,1490,1304,2794,2,4,1,9,1,810,40,n,4085
34,16.8,6,5,483,504,987,1,2,1,5,1,288,30,n,1000
34,106.5,5,6,894,0,894,1,3,1,5,0,308,30,n,1337
8,78.51,6,5,860,1100,1960,2,4,1,8,2,440,30,n,2220
37,16.8,6,3,483,504,987,1,2,1,5,0,264,18,n,950
6,87.73,7,5,1414,0,1414,2,3,1,6,0,494,35,n,1910
17,94.53,7,7,1014,730,1744,2,3,1,7,0,457,49,n,2000
0,120.3,8,5,1694,0,1694,2,3,1,7,0,818,40,n,3235
65,87.41,6,4,798,689,1487,1,3,1,7,1,220,24,n,1185
2,90,8,5,1566,0,1566,2,3,1,7,0,750,40,n,2680
62,38.8,5,9,866,0,866,1,2,1,4,0,0,45,n,1160
106,50,5,4,889,551,1440,1,3,1,6,0,352,20,n,845
29,107.62,6,6,626,591,1217,1,3,1,6,1,288,36,n,1255
16,88.8,7,5,1222,888,2110,2,3,1,8,2,463,35,n,2105
18,104,7,5,1872,0,1872,2,3,1,6,1,604,35,n,2470
96,91.42,6,8,908,1020,1928,2,4,2,9,0,440,48,n,1425
52,113.1,6,5,1375,0,1375,1,2,1,5,1,451,30,n,1455
4,113.17,7,5,840,828,1668,2,3,1,8,0,500,35,n,1855
49,1590,6,7,1444,700,2144,2,4,1,7,2,389,42,n,2825
70,53.5,3,2,1306,0,1306,1,3,1,6,0,0,6,n,820
1,47.5,8,5,1625,0,1625,2,2,1,5,1,538,40,n,2405
4,83.66,6,5,798,842,1640,2,3,1,6,0,520,30,n,1785
43,93.5,6,7,1302,0,1302,2,3,1,7,0,309,42,n,1635
53,84,5,6,1314,0,1314,1,3,1,5,0,294,30,n,1505
7,87.38,7,5,1005,1286,2291,2,4,1,8,1,429,35,n,2355
5,87.91,6,5,864,864,1728,2,3,1,7,0,673,30,n,2130
3,88.14,7,5,1604,0,1604,2,3,1,8,1,660,35,n,2255
7,124.35,7,5,963,829,1792,2,3,1,7,1,564,35,n,2370
52,127.02,5,5,882,0,882,1,2,1,4,0,308,25,n,1025
47,192.96,6,5,1382,0,1382,1,3,1,6,1,884,30,n,1815
0,95.88,8,5,1482,1092,2574,2,3,1,10,1,868,40,n,2815
29,84.71,6,7,1212,0,1212,1,3,1,6,1,492,42,n,1565
81,55,5,7,926,0,1316,1,3,1,6,0,484,35,n,1355
83,52.32,5,5,764,0,764,1,2,1,4,0,504,25,n,785
27,120.9,6,6,1422,0,1422,2,3,1,7,1,576,36,n,1810
9,112.07,6,5,802,709,1511,2,3,1,8,1,413,30,n,1905
69,84,5,8,1052,720,2192,2,4,1,8,1,240,40,n,1850
68,69,5,6,778,0,778,1,2,1,4,1,924,30,n,1260
31,79.17,6,7,1113,0,1113,1,3,1,6,1,504,42,n,1535
0,107.28,8,5,1095,844,1939,2,3,1,8,1,1053,40,n,2715
54,391.04,7,7,1363,0,1363,1,2,1,5,2,439,49,n,2470
11,117.64,8,7,1164,1106,2270,2,4,1,9,1,671,56,n,2955
51,96,6,6,1632,0,1632,2,3,1,6,1,338,36,n,1445
25,83.14,5,7,816,0,816,1,2,1,5,0,264,35,n,1300
84,72.64,7,7,952,596,1548,2,3,1,5,0,672,49,n,2105
7,91.96,7,5,1560,0,1560,2,3,1,7,0,573,35,n,2065
59,191.38,4,5,864,0,864,1,2,1,4,0,400,20,n,1465
1,144.5,9,5,2121,0,2121,2,3,1,8,1,732,45,n,4207.98
31,100.05,7,5,1156,866,2022,2,4,1,8,1,505,35,n,1975
18,112.87,7,6,1175,807,1982,2,3,1,7,1,575,42,n,2340
0,72,6,5,1262,0,1262,2,2,1,5,0,572,30,n,1905
2,50.63,7,5,1314,0,1314,2,2,1,6,1,626,35,n,2130
1,96.12,8,5,1468,0,1468,2,3,1,6,1,898,40,n,2501
15,80.12,6,5,1575,0,1575,2,2,1,5,0,529,30,n,1847
1,42.51,7,5,625,625,1250,2,2,1,5,0,528,35,n,1702
44,97.86,6,7,1085,649,1734,1,3,1,7,1,440,42,n,1645
35,81.25,4,4,858,0,858,1,3,1,5,0,0,16,n,935
43,98.19,5,5,900,0,900,1,3,1,5,0,280,25,n,1275
92,87.3,6,7,698,698,1396,1,3,1,7,0,384,42,n,1590.75
0,156.11,8,5,1079,840,1919,2,3,1,8,1,685,40,n,2387.3
96,56.87,5,6,936,780,1716,2,6,1,9,0,0,30,n,1414
60,114.09,5,4,1148,568,1716,1,3,1,8,1,281,20,n,1365
29,166.59,7,7,1468,795,2263,2,3,1,9,1,539,49,n,2405
56,96,6,5,1644,0,1644,1,3,1,7,2,418,30,n,1725
22,79.37,6,6,1003,0,1003,1,3,1,6,0,588,36,n,1480
57,137.1,5,5,910,648,1558,1,4,1,6,0,282,25,n,1575
10,73.99,7,5,975,975,1950,2,3,1,7,1,576,35,n,2445
39,117,6,6,1041,702,1743,1,3,1,7,1,539,36,n,1805
59,140,6,8,1152,0,1152,1,3,1,6,1,300,48,n,1640
53,157.5,5,5,1336,0,1336,1,2,1,5,2,375,25,n,1625
9,162.26,8,5,1210,1242,2452,2,4,1,9,1,683,40,n,2725
5,137.04,7,5,1541,0,1541,2,3,1,6,1,843,35,n,2105
34,98,5,7,894,0,894,1,3,1,5,0,552,35,n,1554
128,183.86,7,9,1675,1818,3493,3,3,1,10,1,870,63,n,3005
3,103.86,8,5,2000,0,2000,2,3,1,8,0,888,40,n,3114
17,134.74,7,5,1122,1121,2243,2,4,1,8,1,746,35,n,2305
88,79.2,6,7,1035,371,1406,1,3,1,6,0,0,42,n,950
69,123.42,4,5,861,0,861,1,1,1,4,0,539,20,n,880
3,123.78,9,5,1944,0,1944,2,3,1,8,3,708,45,n,3655
13,76.85,6,5,697,804,1501,2,3,1,6,1,420,30,n,1711
61,80,6,6,972,0,972,1,2,1,5,1,240,36,n,1375
67,78,5,7,793,325,1118,1,3,1,5,1,410,35,n,1254
44,2152.45,7,5,2036,0,2036,2,3,1,8,2,513,35,n,3805
81,96,7,7,832,809,1641,1,3,1,6,1,546,49,n,1835
5,77.95,7,5,716,716,1432,2,3,1,6,1,432,35,n,1940
29,130.05,7,7,1153,1200,2353,2,4,1,10,1,484,49,n,2655
1,90,8,5,1088,871,1959,2,3,1,8,1,1025,40,n,2755
16,99,7,5,1372,1274,2646,2,4,1,9,1,656,35,n,2655
29,141.15,7,5,1472,0,1472,2,3,1,6,2,588,35,n,1930
0,162.59,9,5,1249,1347,2596,3,4,1,9,0,840,45,n,3481.43
3,120.99,8,5,1136,1332,2468,2,4,1,10,1,872,40,n,3595
21,103.8,7,5,1553,1177,2730,2,4,1,8,1,576,35,n,3065
51,58.2,3,8,1163,0,1163,1,3,1,6,0,220,24,n,1316.75
43,112.75,7,7,1898,1080,2978,2,5,1,11,1,564,49,n,2475
66,50,5,6,803,0,803,1,2,1,5,0,360,30,n,925
15,108.46,8,5,1719,0,1719,1,1,1,6,2,473,40,n,3295
46,116,6,5,1383,0,1383,1,3,1,7,0,292,30,n,1507.5
93,118.88,6,6,1445,689,2134,2,5,1,10,0,441,36,n,2200
89,64.02,5,5,596,596,1192,1,3,1,6,0,189,25,n,835
43,106.24,5,4,1728,0,1728,2,6,2,10,0,352,20,n,1245
49,81.76,5,6,1056,0,1056,1,3,1,6,0,308,30,n,1445
6,106.55,8,5,1629,0,1629,2,3,1,7,1,880,40,n,2895
4,81.98,7,5,1358,0,1358,2,2,1,6,1,484,35,n,2125
10,90.42,6,5,943,695,1638,2,3,1,7,2,472,30,n,1975
43,1646.6,5,6,1619,167,1786,2,3,1,7,2,529,30,n,2344.5
2,141.57,9,5,1922,0,1922,2,3,1,8,1,676,45,n,3829.26
6,91.35,7,5,1536,0,1536,2,3,1,7,0,532,35,n,2195
22,141.45,7,7,1621,0,1621,2,3,1,8,0,440,49,n,2080
51,124,6,7,1215,0,1215,1,3,1,6,0,297,42,n,1605
8,141.91,8,5,993,915,1908,2,4,1,9,0,431,40,n,2084
59,84,4,4,841,0,841,1,2,1,4,0,294,16,n,875
57,85.44,3,4,1040,0,1040,2,2,2,6,0,400,12,n,930
3,88.49,9,5,1684,0,1684,2,2,1,6,1,564,45,n,2715
34,25.92,5,3,536,576,1112,1,3,1,4,0,336,15,n,905
67,64.35,6,5,972,605,1577,1,3,1,6,1,312,30,n,1457
47,127.72,6,8,958,0,958,1,2,1,5,0,301,48,n,1570
49,176,6,5,1478,0,1478,2,3,1,6,2,498,30,n,1630
5,24.48,7,5,764,862,1626,2,2,1,6,0,474,35,n,1595
1,204.31,9,5,1848,880,2728,2,4,1,10,2,706,45,n,4426.54
0,78.2,9,5,1869,0,1869,2,2,1,6,1,617,45,n,3235.61
20,52.71,7,5,1453,0,1453,1,2,1,6,1,445,35,n,1955
67,90.84,5,6,616,495,1111,1,3,1,5,0,200,30,n,1005
82,85.2,6,8,720,0,720,1,2,1,5,0,484,48,n,1114
66,84,6,5,1192,403,1595,1,2,1,6,2,240,30,n,1455
12,112.49,6,5,1200,0,1200,2,3,1,6,0,521,30,n,1830
17,92.48,6,6,1167,0,1167,2,3,1,6,0,400,36,n,1785
31,42.24,5,5,1142,0,1142,1,3,1,6,1,528,25,n,1395
48,69.3,5,4,1352,0,1352,1,3,1,6,0,288,20,n,1355
8,120.11,8,5,1086,838,1924,2,3,1,7,1,592,40,n,2855
29,75.4,6,6,912,0,912,1,2,1,5,1,470,36,n,1615
68,91.44,5,5,988,517,1505,1,3,1,8,0,240,25,n,1505
6,73.01,7,5,495,1427,1922,3,4,1,7,1,672,35,n,2040
37,16.8,6,8,483,504,987,1,2,1,5,0,264,48,n,1235
30,188,6,5,790,784,1574,2,3,1,6,1,566,30,n,1955
89,106.9,5,7,672,672,1344,1,3,1,6,0,468,35,n,1525
46,95,6,5,1394,0,1394,1,3,1,6,2,514,30,n,1645
46,91.5,6,5,1431,0,1431,1,3,1,6,1,296,30,n,1705
56,78,5,6,1268,0,1268,1,2,1,7,1,244,30,n,1375
51,98.3,5,7,1287,0,1287,1,3,1,7,1,576,35,n,1675
6,81.21,6,5,953,711,1664,2,3,1,7,1,460,30,n,1779
49,171.2,4,4,1120,468,1588,2,4,1,7,1,680,16,n,1399.32
26,71.75,6,5,752,0,752,1,2,1,4,0,264,30,n,1305
56,106.34,5,6,1319,0,1319,1,3,1,5,0,270,30,n,1285
4,82,7,5,847,1081,1928,2,4,1,8,1,434,35,n,2250
87,100.2,1,1,904,0,904,0,1,1,4,0,0,1,n,665
10,88.46,5,5,914,0,914,1,2,1,5,0,576,25,n,1535
3,111.43,8,5,1580,886,2466,3,4,1,8,1,610,40,n,3455
0,113.94,9,2,1856,0,1856,1,1,1,8,1,834,18,n,3999.32
9,81.23,6,5,1007,793,1800,2,3,1,7,1,463,30,n,1845
86,50,5,6,1026,665,1691,2,3,1,6,1,308,30,n,1325
0,72,7,5,1301,0,1301,2,2,1,5,1,572,35,n,1932.5
1,92.45,7,5,939,858,1797,2,3,1,8,0,639,35,n,2190
81,90,6,3,784,0,784,1,2,1,5,0,360,18,n,815
15,531.07,6,5,1079,874,1953,2,3,1,9,2,501,30,n,2455
6,31.82,8,5,1269,0,1269,2,2,1,6,1,430,40,n,1975
96,84.1,5,3,658,526,1184,1,5,1,8,0,0,15,n,865
33,72,6,6,1125,0,1125,1,3,1,6,1,352,36,n,1305
9,93.82,7,5,1479,0,1479,2,3,1,6,0,577,35,n,1965
1,124.74,10,5,1742,590,2332,2,3,1,9,1,846,50,n,4315
108,84.05,5,8,961,406,1367,1,4,1,7,0,384,40,n,1245
8,122.09,6,5,804,1157,1961,2,3,1,7,1,560,30,n,2205
48,83.39,5,7,882,0,882,1,3,1,5,0,294,35,n,1120
65,74.46,4,5,788,0,788,1,2,1,4,2,0,20,n,1055
67,101.34,5,6,735,299,1034,1,2,1,5,0,240,30,n,1145
54,95.71,5,6,1144,0,1144,1,3,1,6,0,596,30,n,1345
37,72,5,5,894,0,894,1,2,1,6,0,600,25,n,1285
45,75.9,5,5,876,936,1812,2,4,1,8,1,264,25,n,1750
87,89.67,5,2,1077,0,1077,1,2,1,6,0,338,10,n,725
3,81.25,7,5,1112,438,1550,2,2,1,7,0,438,35,n,2465
12,149.63,8,5,1288,0,1288,1,1,1,4,2,500,40,n,2510
1,87.67,7,5,1310,0,1310,2,3,1,6,1,400,35,n,1704.9
68,102,5,8,672,0,672,1,2,1,4,0,240,40,n,1135
8,120.9,8,5,1165,1098,2263,2,4,1,10,1,420,40,n,2635
12,103.64,6,5,806,766,1572,2,3,1,7,1,373,30,n,1735
33,99.91,4,4,1620,0,1620,2,3,1,8,1,490,16,n,1555
72,104.8,6,5,1166,0,1639,1,3,1,6,0,240,30,n,1205
93,155.76,6,7,840,840,1680,2,4,1,8,0,308,42,n,1825
1,141.54,7,5,1071,1101,2172,2,3,1,9,1,947,35,n,2855
1,108,8,5,1050,1028,2078,2,3,1,8,1,836,40,n,3452.5
51,95.71,5,3,1276,0,1276,1,3,1,5,0,350,15,n,655
51,346.5,5,5,1056,0,1056,1,3,1,5,0,572,25,n,1505
1,44.03,7,5,1478,0,1478,2,2,1,7,1,484,35,n,2275
83,89.6,5,6,1028,0,1028,1,2,1,5,1,360,30,n,1205
15,112.28,7,5,1080,1017,2097,2,3,1,9,1,678,35,n,2335
0,88.99,7,5,1340,0,1340,2,3,1,6,0,396,35,n,1866.34
28,78.44,6,7,672,728,1400,1,3,1,6,1,440,42,n,1550
89,224.2,6,6,1370,1254,2624,2,4,1,10,1,864,36,n,2445
67,81.6,5,6,756,378,1134,1,3,1,7,0,240,30,n,1315
42,84.5,5,6,1056,0,1056,1,3,1,6,1,304,30,n,1475
11,70.6,7,5,1344,0,1344,2,2,2,8,0,784,35,n,2118
32,166.35,6,7,1602,0,1602,2,3,1,8,1,529,42,n,2205
54,217.5,5,5,988,0,988,1,2,1,4,0,520,25,n,1185
10,92,8,5,1470,1160,2630,2,4,1,8,1,696,40,n,3205
52,90,6,5,1196,0,1196,1,2,1,6,1,297,30,n,1445
63,33.78,7,8,707,682,1389,1,3,1,6,2,240,56,n,1405
20,128,7,5,1644,0,1644,2,2,1,5,1,569,35,n,2805
51,85.93,4,6,907,0,907,1,3,1,5,0,352,24,n,1145.08
0,67.62,7,5,1208,0,1208,2,2,1,6,0,628,35,n,2009
21,114.57,6,5,1412,0,1412,2,3,1,6,1,576,30,n,1805
37,16.8,6,5,483,504,987,1,2,1,4,0,264,30,n,909
88,55.86,6,7,1088,110,1198,1,4,1,7,0,0,42,n,854
36,19.2,5,5,765,600,1365,1,2,1,6,0,440,25,n,1280
11,108.39,6,5,926,678,1604,2,3,1,7,1,470,30,n,1865
36,18.9,4,7,630,0,630,1,1,1,3,0,0,28,n,865
13,106.67,7,6,827,834,1661,2,3,1,6,1,550,42,n,2175
86,44,6,8,734,384,1118,1,2,1,6,0,440,48,n,1215
83,60,6,7,904,0,904,1,2,1,4,0,180,42,n,1245
94,42.8,5,6,694,0,694,1,2,1,4,1,352,30,n,958.5
89,123.54,6,8,684,512,1196,1,3,1,7,0,528,48,n,1155
1,154.31,10,5,2402,0,2402,2,2,1,10,2,672,50,n,5605
53,121.08,4,4,1440,0,1440,2,4,2,8,0,0,16,n,1235
78,62.4,5,7,1128,445,1573,2,3,1,8,1,360,35,n,1684
1,39.22,7,5,1258,0,1258,2,2,1,6,1,648,35,n,1780
14,87.5,7,5,933,975,1908,2,4,1,8,1,493,35,n,2155
53,98.55,6,5,1689,0,1689,1,3,1,7,1,480,30,n,1330
44,164.92,6,6,1888,0,1888,2,2,1,6,1,578,36,n,1955
8,112.14,7,5,956,930,1886,2,4,1,10,1,431,35,n,2054
69,86,6,6,780,596,1376,2,3,1,7,1,198,36,n,1250
59,60,3,7,679,504,1183,1,2,1,6,0,308,21,n,1255
76,56.84,6,8,813,0,813,1,2,1,5,0,270,48,n,1155
31,707.61,7,5,1533,0,1533,2,2,1,5,2,576,35,n,2855
11,93.03,6,5,888,868,1756,2,3,1,7,0,422,30,n,2095
1,90,8,5,786,804,1590,2,3,1,6,0,676,40,n,2155
30,92.97,5,5,1728,0,1728,2,4,2,8,0,560,25,n,1935
34,96,7,6,1242,0,1242,1,3,1,6,1,528,42,n,1810
92,45.71,5,5,624,720,1344,1,4,1,7,0,513,25,n,1035
54,532.27,4,6,1663,0,1663,1,2,1,6,2,529,24,n,2615
83,51,8,7,833,833,1666,1,3,1,7,1,228,56,n,1665
59,70.15,5,4,979,224,1203,1,3,1,5,1,352,20,n,1155
0,80.04,8,5,832,1103,1935,2,3,1,8,0,552,40,n,2689.35
73,72,7,9,575,560,1135,1,3,1,6,0,576,63,n,1605
44,82.81,5,5,864,0,864,1,3,1,5,1,360,25,n,678.83
74,119.88,6,7,849,811,1660,1,3,1,6,1,240,42,n,1942
31,84.3,5,5,1040,0,1040,2,3,1,5,0,0,25,n,1295
2,30.72,7,5,1414,0,1414,2,2,1,6,1,398,35,n,1842.4
37,106.28,7,5,1277,0,1277,1,2,1,5,1,526,35,n,1725
65,94.8,5,7,888,756,1644,1,3,1,7,2,312,35,n,1520
1,114.28,8,5,1634,0,1634,2,3,1,7,1,866,40,n,2555
15,92.91,6,5,832,878,1710,2,3,1,7,0,506,30,n,1925
25,68.2,8,5,1502,0,1502,1,1,1,4,0,528,40,n,2175
30,119.52,7,6,1161,808,1969,2,3,1,8,1,534,42,n,1955
3,36.75,6,5,1072,0,1072,1,2,1,5,0,525,30,n,1535
1,149.77,8,5,1976,0,1976,2,2,1,7,1,908,40,n,4455
7,53.3,8,5,1652,0,1652,2,2,1,6,0,499,40,n,2565
44,84.8,5,6,970,0,970,1,2,1,5,0,624,30,n,1380
11,131.25,6,5,1493,0,1493,2,3,1,7,1,508,30,n,2144
1,136.93,9,5,2069,574,2643,2,3,1,9,1,694,45,n,3855
2,106.37,8,5,1718,0,1718,2,3,1,7,1,826,40,n,3025
70,59.25,4,7,1131,0,1131,1,2,1,7,0,672,28,n,949.71
2,160.33,9,5,1850,0,1850,2,3,1,8,1,772,45,n,3315
3,118.46,9,5,1792,0,1792,2,2,1,6,1,874,45,n,3795
94,25,7,8,916,910,1826,1,4,1,7,1,164,56,n,1605
8,45,6,5,1216,0,1216,2,2,1,5,0,402,30,y,1695
45,77.58,5,7,999,0,999,1,3,1,6,0,264,35,y,1380
59,96,5,7,1113,0,1113,1,3,1,5,1,264,35,y,1525
42,102.89,5,7,1073,0,1073,1,3,1,6,0,515,35,y,1615
36,122.43,5,6,1484,0,1484,2,3,1,7,1,487,30,y,1805
106,108,5,4,1766,648,2414,2,3,2,10,1,520,20,y,1655
39,15.26,4,8,630,0,630,1,1,1,3,0,286,32,y,915
32,26.65,5,6,616,688,1304,1,3,1,4,1,336,30,y,1205
65,94.9,6,7,958,620,1578,1,3,1,5,2,240,42,y,1385
0,155.78,6,5,728,728,1456,2,3,1,8,0,429,30,y,1782.85
48,79.31,5,6,1269,0,1269,1,3,1,6,1,308,30,y,1605
71,57.84,5,8,886,0,886,1,2,1,4,0,273,40,y,968
89,78.79,4,5,720,0,720,1,2,1,4,0,0,20,y,404
15,126.92,8,5,3228,0,3228,3,4,1,10,1,546,40,y,4355
83,91.2,7,6,1133,687,1820,2,4,1,8,0,240,42,y,1895
42,78,5,7,899,0,899,1,3,1,5,0,288,35,y,1355
49,75.35,5,7,912,0,912,1,2,1,5,0,297,35,y,1255
34,18.9,6,5,672,546,1218,1,3,1,7,0,264,30,y,1185
3,98.03,7,5,866,902,1768,2,3,1,7,0,603,35,y,2322
42,91.7,5,7,1214,0,1214,1,2,1,6,0,461,35,y,1455
51,156.02,7,8,1801,0,1801,2,1,1,6,2,484,56,y,2945
35,23.08,6,5,855,467,1322,2,3,1,6,1,440,30,y,1525
57,75.96,5,5,960,1000,1960,2,4,2,10,0,400,25,y,1300
13,95.54,8,5,1065,846,1911,2,3,1,8,1,471,40,y,2205
0,78.62,6,5,1218,0,1218,2,2,1,4,0,676,30,y,2138
80,96,7,9,689,689,1378,2,3,1,7,1,360,63,y,1665
50,96,5,6,1041,0,1041,1,3,1,6,0,270,30,y,1300
58,145.59,5,7,1363,0,1363,1,2,1,6,2,288,35,y,1704
1,67.92,7,5,1368,0,1368,2,2,1,6,1,474,35,y,2081.65
48,91,5,5,864,0,864,1,3,1,5,0,624,25,y,1354
24,91.87,6,5,1080,0,1080,1,3,1,5,0,484,30,y,1395
81,105.94,5,5,789,0,789,1,2,1,5,0,200,25,y,1020
0,122.2,10,5,2020,0,2020,2,3,1,9,1,900,50,y,4083.61
37,104.48,6,6,1378,741,2119,2,3,1,7,1,583,36,y,1635
13,102.08,7,5,1277,1067,2344,2,3,1,7,1,889,35,y,2705
9,95.31,6,5,882,914,1796,2,3,1,7,0,546,30,y,2165
83,109.18,7,9,1276,804,2080,1,3,1,9,2,282,63,y,2395
108,108,4,7,694,600,1294,2,3,2,7,0,0,28,y,1117.5
50,119.88,6,6,1244,0,1244,1,3,1,6,2,336,36,y,1555
59,50,6,7,1004,660,1664,2,3,1,7,2,420,42,y,1645
0,400.94,10,5,3138,1538,4676,3,3,1,11,1,884,50,y,1902.5
11,117.87,7,5,1383,1015,2398,2,3,1,8,1,834,35,y,3212.5
1,75,7,5,1266,0,1266,2,3,1,6,1,453,35,y,1815
51,133,5,7,928,0,928,1,2,1,4,0,252,35,y,1375
0,149.48,9,5,1476,1237,2713,2,3,1,11,1,858,45,y,4517.61
87,90.98,4,7,605,0,605,1,2,1,5,0,0,28,y,915
50,326.68,6,3,2515,0,2515,3,4,2,9,2,484,18,y,2061.24
20,102,6,5,1509,0,1509,2,3,1,5,1,600,30,y,1805
88,61.55,6,8,751,611,1362,2,3,1,6,0,502,48,y,1335
55,72,5,7,827,0,827,1,2,1,5,1,392,35,y,1130
61,50,1,3,334,0,334,1,1,1,2,0,0,3,y,448
2,90.56,8,5,707,707,1414,2,3,1,6,1,403,40,y,1835
98,70,5,7,820,527,1347,1,3,1,5,0,0,35,y,1130
10,89.24,7,5,880,844,1724,2,3,1,8,0,527,35,y,1935
36,127.35,4,5,864,0,864,1,3,1,5,0,576,20,y,1167.5
38,115.53,5,5,1159,0,1159,1,3,1,7,1,336,25,y,1635
9,114.23,8,5,1601,0,1601,2,3,1,6,1,670,40,y,2775
3,146.01,9,5,1838,0,1838,2,2,1,8,1,765,45,y,3205
7,110,8,5,997,1288,2285,2,4,1,8,1,648,40,y,2535
11,101.4,7,5,1680,0,1680,2,3,1,7,1,583,35,y,2187.5
9,40.58,7,5,767,0,767,1,1,1,4,0,367,35,y,1385
0,171.04,7,5,664,832,1496,2,3,1,7,1,426,35,y,1851.65
18,138.37,7,5,1377,806,2183,2,4,1,9,0,786,35,y,2345
84,87.37,6,7,915,720,1635,1,3,1,6,1,440,42,y,2155
37,72.44,5,7,768,0,768,1,2,1,5,0,624,35,y,1350
53,82.35,5,7,825,0,825,1,2,1,4,0,720,35,y,1305
6,93.75,7,5,912,1182,2094,2,4,1,8,1,615,35,y,2685
31,40.43,6,6,1069,0,1069,2,2,1,4,0,440,36,y,1455
51,60,5,6,928,0,928,1,3,1,5,0,288,30,y,1180
3,111.46,8,5,1717,0,1717,2,3,1,7,1,908,40,y,2610
60,87.77,4,5,1126,0,1126,2,2,1,5,0,520,20,y,1135
5,106.25,7,5,1006,1040,2046,2,3,1,8,1,871,35,y,2895
84,63.8,5,6,1048,0,1048,1,2,1,5,1,280,30,y,1185
49,148.5,5,5,1092,0,1092,1,2,1,6,1,299,25,y,1465
86,110.4,4,6,897,439,1336,1,3,1,7,0,570,24,y,1135
12,218.72,7,5,729,717,1446,2,3,1,6,1,406,35,y,1805
3,31.96,7,5,1557,0,1557,2,2,1,7,1,420,35,n,2395
53,113.41,5,6,1392,0,1392,1,3,1,5,1,528,30,n,1270
32,100.1,5,5,1389,0,1389,1,2,1,6,1,418,25,n,1755
68,139.07,5,6,996,0,996,1,3,1,6,1,0,30,n,1135
90,217.8,6,7,1163,511,1674,2,4,1,8,1,396,42,n,1905
14,133.46,7,5,1166,1129,2295,2,4,1,9,1,590,35,n,2735
95,68.58,6,4,841,806,1647,1,4,1,6,0,216,24,n,1335
3,111.98,9,5,1134,1370,2504,2,4,1,11,1,656,45,n,3305
6,101.71,7,5,1535,0,1535,2,3,1,7,0,532,35,n,2195
26,123.27,8,8,1496,636,2132,1,1,1,5,1,612,64,n,3221
27,70.32,5,5,943,0,943,1,2,1,4,2,600,25,n,1414.6
43,131.01,5,5,1728,0,1728,2,6,2,10,0,576,25,n,1481
47,73.32,6,6,864,0,864,1,2,1,4,0,288,36,n,1255
0,131.59,7,5,846,846,1692,2,3,1,6,0,650,35,n,2300
7,99.67,7,5,774,656,1430,2,3,1,8,1,400,35,n,1755
36,105,5,7,576,533,1109,1,3,1,5,0,288,35,n,1445
61,84.8,5,5,832,384,1216,1,2,1,6,0,336,25,n,1240
81,62.92,7,7,877,600,1477,2,3,1,6,1,216,49,n,1505
40,117.77,5,6,1320,0,1320,1,3,1,6,2,564,30,n,1700
1,36.04,7,5,703,689,1392,2,2,1,5,0,540,35,n,1515
54,121.5,5,5,1050,745,1795,2,4,1,7,0,352,25,n,1370
47,145.85,6,6,1429,0,1429,1,3,1,7,2,572,36,n,1874
1,127.04,8,5,2042,0,2042,2,3,1,8,1,1390,40,n,2587.93
17,118.41,6,5,816,0,816,1,3,1,5,0,0,30,n,1240
115,135,10,9,1521,1254,2775,3,3,1,9,1,880,90,n,3305
74,61.2,4,7,989,584,1573,1,3,1,6,0,240,28,n,1385
1,114.43,8,5,2028,0,2028,2,2,1,7,2,880,40,n,3754
90,102.67,6,7,838,0,838,1,2,1,5,0,275,42,n,1355
27,87.4,5,6,860,0,860,1,2,1,4,0,528,30,n,1425
41,250.95,5,8,1473,0,1473,1,1,1,5,2,452,40,n,1485
78,91,5,6,779,0,935,1,2,1,4,0,308,30,n,850
4,83.2,7,5,770,812,1582,2,3,1,6,0,520,35,n,1914
1,134.78,10,5,1728,568,2296,2,3,1,10,1,842,50,n,4574.5
26,66,5,8,816,0,816,1,2,1,4,0,816,40,n,1435
6,44.35,6,5,848,0,848,1,1,1,4,0,420,30,n,1455
33,79.9,5,6,924,0,924,1,3,1,5,0,280,30,n,1155
1,113.02,8,5,1826,0,1826,2,3,1,7,1,758,40,n,3245
96,36,6,7,684,684,1368,1,3,1,7,0,216,42,n,1200.04
1,39.22,7,5,1402,0,1402,0,2,1,7,1,648,35,n,1997.01
29,129.84,5,6,1647,0,1647,2,3,1,7,1,621,30,n,2230
28,19.5,6,6,716,840,1556,2,3,1,6,1,452,36,n,1565
1,109.27,8,5,1058,846,1904,2,3,1,8,1,736,40,n,2805
70,90,6,6,780,595,1375,1,3,1,6,1,544,36,n,1465
14,100.41,8,5,927,988,1915,2,3,1,8,1,506,40,n,2255
6,31.82,7,5,600,600,1200,2,2,1,4,0,480,35,n,1565
6,128.03,7,5,1494,0,1494,2,3,1,6,1,530,35,n,2265
44,136,7,6,1186,800,1986,2,3,1,7,3,486,42,n,2105
13,124.64,5,5,1040,0,1040,1,3,1,6,0,576,25,n,1575
58,78,5,8,1112,896,2008,3,3,1,8,0,230,40,n,2305
73,121.68,8,6,1940,1254,3194,2,4,1,10,2,380,48,n,3646
46,79.43,4,5,1029,0,1029,1,3,1,5,0,261,20,n,1240
9,110.5,9,5,1476,677,2153,2,3,1,8,2,736,45,n,3185
29,103.95,6,6,1032,0,1032,2,3,1,6,1,564,36,n,1535
8,118.85,8,5,1299,573,1872,2,3,1,7,1,531,40,n,2670
0,84.02,5,5,1120,0,1120,1,3,1,6,0,0,25,n,1525
38,14.91,4,6,630,0,630,1,1,1,3,0,0,24,n,810
47,88,6,7,1054,0,1054,1,3,1,6,0,480,42,n,1430
4,78.61,6,5,807,702,1509,2,3,1,7,1,393,30,n,1887
54,72.27,6,6,832,0,832,1,2,1,4,0,528,36,n,1110
0,116.94,9,5,1828,0,1828,2,3,1,9,1,774,45,n,3203.13
5,122.44,8,5,1482,780,2262,2,4,1,10,2,749,40,n,3105
94,82.48,3,3,864,0,864,1,2,1,5,0,0,9,n,725
34,108,6,7,1548,1066,2614,2,4,1,9,1,624,42,n,2455
32,70.64,5,6,980,0,980,1,3,1,6,0,484,30,n,1405
7,21.17,6,5,756,756,1512,2,2,1,4,1,440,30,n,1740
34,104,6,5,1012,778,1790,1,4,1,8,1,484,30,n,1706.5
48,100,6,6,1116,0,1116,1,3,1,5,0,440,36,n,1655
47,123.42,5,5,1422,0,1422,1,3,1,6,1,286,25,n,1454
55,96,6,6,1520,0,1520,1,3,1,7,2,364,36,n,1585
38,116.06,5,5,1040,1040,2080,1,5,1,9,2,504,25,n,1405
44,90.2,6,5,1350,0,1350,1,3,1,6,0,520,30,n,1740
126,90,5,6,1089,661,1750,1,3,1,8,0,240,30,n,1295
1,45.9,8,5,1554,0,1554,2,2,1,6,1,627,40,n,2150
32,119,7,5,1411,0,1411,2,3,1,6,1,544,35,n,880
53,92.5,5,7,1056,0,1056,1,3,1,6,0,260,35,n,1449
30,69.79,6,5,1056,0,1056,0,0,2,4,0,576,30,n,1495
93,108.96,6,7,1440,1440,3395,2,8,2,14,0,0,42,n,2055
73,61.2,2,3,800,0,800,1,1,1,4,1,0,6,n,655
55,60,5,4,811,576,1387,2,3,2,7,0,256,20,n,985
98,87.77,5,7,796,0,796,1,2,1,4,0,0,35,n,905
0,39.82,8,5,1567,0,1567,2,1,1,7,1,648,40,n,2700.61
5,126.77,8,5,1518,0,1518,1,1,1,6,1,588,40,n,2795
6,70.5,7,5,1057,872,1929,2,3,1,7,1,650,35,n,2315
37,138.6,8,7,2000,704,2704,2,4,1,9,3,538,56,n,3505
38,107.93,5,5,780,840,1620,2,4,1,7,0,462,25,n,1575
0,91.87,9,5,1766,0,1766,2,2,1,7,1,478,45,n,3763.78
36,105.3,6,5,981,0,981,1,3,1,5,0,576,30,n,1487.5
58,72,5,5,1048,0,1048,1,3,1,7,0,420,25,n,1038
55,104.52,6,5,1094,0,1094,1,3,1,5,2,495,30,n,1605
44,77,6,5,1051,788,1839,1,4,1,7,1,442,30,n,1605
37,19.36,4,6,630,0,630,1,1,1,3,0,0,24,n,900
1,81.25,7,6,822,843,1665,2,3,1,7,0,562,42,n,2114.5
69,90.84,4,5,755,755,1510,1,4,1,7,1,296,20,n,1135
13,87.5,7,5,909,807,1716,2,2,1,7,1,512,35,n,1965
102,103.2,6,7,756,713,1469,1,3,1,7,0,216,42,n,1405
13,104.37,8,6,2113,0,2113,2,2,1,7,1,839,48,n,3555
39,16.8,6,5,525,567,1092,1,3,1,6,0,264,30,n,935
49,100.07,5,7,1053,0,1053,1,3,1,5,0,312,35,n,1510
77,72,7,6,851,651,1502,1,3,1,6,1,270,42,n,1545
62,175.03,6,5,912,546,1458,1,3,1,6,1,330,30,n,1030
45,99.37,5,7,1486,0,1486,1,3,1,7,0,480,35,n,1725
31,123.84,7,7,1142,793,1935,2,3,1,7,1,550,49,n,2034
15,465.89,8,7,1686,762,2448,2,4,1,8,1,711,56,n,4075
41,135.6,6,3,1392,0,1392,1,2,1,5,2,576,18,n,1155
36,100.12,4,5,1181,0,1181,2,3,1,6,0,588,20,n,1430
1,208.96,8,5,2097,0,2097,1,1,1,8,1,1134,40,n,4285
6,111.94,8,5,1454,482,1936,2,3,1,7,1,504,40,n,2360
42,184.5,6,5,1465,915,2380,2,3,1,7,1,596,30,n,1345
14,81.25,6,5,1679,0,1679,2,3,1,7,1,575,30,n,1990
50,141.75,5,6,1437,0,1437,1,3,1,6,1,576,30,n,1735
84,116,4,5,1180,0,1180,1,2,1,5,1,252,20,n,1430
4,86.33,6,5,738,738,1476,2,3,1,7,0,540,30,n,1790
84,66.29,6,6,697,672,1369,2,3,1,6,0,300,36,n,1091
29,112.5,6,6,1208,0,1208,1,3,1,6,1,546,36,n,1705
50,144.42,6,7,1839,0,1839,2,3,1,7,2,416,42,n,2630
43,92,6,6,1136,0,1136,1,3,1,5,1,384,36,n,1455
31,22.89,6,6,855,586,1441,2,3,1,7,1,440,36,n,1540
106,96,4,2,1095,679,1774,2,4,2,8,0,779,8,n,925
85,90.22,5,8,792,0,792,1,2,1,5,0,240,40,n,1150
1,118.44,8,5,2046,0,2046,2,3,1,7,1,834,40,n,3780
46,99.45,5,5,988,0,988,1,3,1,5,0,572,25,n,1340
30,80.12,6,5,923,0,923,2,2,1,5,1,264,30,n,1485
77,45,5,5,848,672,1520,1,3,1,6,0,281,25,n,1649.34
12,28.87,6,5,1291,0,1291,1,2,1,6,1,431,30,n,1785
5,112.48,9,5,1668,0,1668,2,3,1,7,1,702,45,n,2905
12,167.7,7,5,1195,644,1839,2,4,1,7,0,486,35,n,2265
23,50.62,7,5,1190,900,2090,2,3,1,6,1,577,35,n,2130
0,102.07,7,6,874,887,1761,3,3,1,7,0,578,42,n,2333.75
3,51.05,7,5,551,551,1102,2,2,1,4,0,480,35,y,1543
0,80.89,8,6,1419,0,1419,2,2,1,7,1,567,48,y,3975
2,75.77,6,5,1362,0,1362,2,2,1,6,1,460,30,y,2002
4,44.26,6,5,848,0,848,1,1,1,3,1,420,30,y,1465
13,215.35,10,6,2444,1872,4316,3,4,1,10,2,832,60,y,7605
17,261.78,7,5,1238,1281,2519,2,4,1,9,2,628,35,y,3405
85,54,5,6,1073,0,1073,1,2,1,4,0,326,30,y,1139.8
73,61.2,5,6,1067,472,1539,1,3,1,5,0,576,30,y,1470
19,138.11,6,6,1137,0,1137,2,2,1,5,1,551,36,y,1815
85,60,5,7,616,0,616,1,2,1,4,0,205,35,y,945
54,64.2,5,7,1148,0,1148,1,2,1,6,0,308,35,y,1290
45,84.5,5,8,894,0,894,1,3,1,5,1,336,40,y,1440
4,42.82,7,5,1391,0,1391,2,2,1,5,0,530,35,y,2015
4,143.31,8,5,1800,0,1800,2,3,1,7,1,765,40,y,3180
37,96,7,5,1164,0,1164,1,3,1,6,0,528,35,y,1455
0,124.38,8,5,1264,1312,2576,2,4,1,10,1,666,40,y,3674.19
110,76.3,5,9,1032,780,1812,2,4,2,8,1,672,45,y,1455
6,84,7,5,1484,0,1484,2,3,1,7,0,606,35,y,2185
80,56,4,5,372,720,1092,2,3,2,7,0,0,20,y,605
36,1151.49,7,5,1824,0,1824,2,2,1,5,2,739,35,y,3075
3,62.4,8,5,1324,0,1324,2,2,1,6,1,550,40,y,2595
0,90.18,7,5,728,728,1456,2,3,1,8,1,400,35,y,1850.4
42,71.62,5,7,904,0,904,1,3,1,6,0,408,35,y,1154
73,41.3,3,6,729,0,729,1,2,1,5,0,0,18,y,575
110,87.12,4,7,859,319,1178,1,2,1,7,0,384,28,y,1082.76
20,46.71,8,5,1228,0,1228,2,2,1,5,1,472,40,y,1945
36,98.73,4,5,960,0,960,1,3,1,6,0,576,20,y,1345
34,135.17,6,8,725,754,1479,2,3,1,6,0,475,48,y,1360
35,101.4,6,5,1350,0,1350,2,3,1,7,1,478,30,y,1705
117,108,7,8,1576,978,2554,1,3,1,8,0,704,56,y,1650
35,100,5,6,1178,0,1178,1,3,1,5,1,439,30,y,1625
15,105.42,7,5,1325,1093,2418,2,3,1,9,1,983,35,y,3465
37,99.2,5,6,971,0,971,1,3,1,5,1,300,30,y,1340
21,65.63,8,5,1742,0,1742,2,2,1,5,1,564,40,y,2805
6,44.26,6,5,848,0,848,1,1,1,3,0,420,30,y,1485
39,81.2,4,7,864,0,864,1,3,1,5,0,463,28,y,1300
54,81.72,4,6,997,473,1470,2,4,1,7,0,548,24,y,1405
2,132.86,9,5,1698,0,1698,2,3,1,8,1,768,45,y,3255
39,69.6,4,6,864,0,864,1,3,1,5,0,660,24,y,1260
21,216.95,6,9,1680,0,1680,2,3,1,5,1,540,54,y,2275
2,73.14,7,5,1232,0,1232,2,2,1,6,0,632,35,y,2000
51,114.75,5,5,1776,0,1776,2,4,2,9,0,888,25,y,1155
84,62.4,4,5,848,0,1208,1,2,1,5,0,539,20,y,1085
15,53.89,8,5,1616,0,1616,2,2,1,5,1,608,40,y,2420
4,95.9,7,5,1146,0,1146,2,3,1,6,1,438,35,y,1930
10,114.04,7,5,1153,878,2031,2,3,1,8,1,541,35,y,2280
48,100,5,6,1144,0,1144,1,3,1,6,1,264,30,y,1369
39,89.78,5,5,948,0,948,1,3,1,6,0,300,25,y,1135
92,108,7,7,880,888,1768,1,2,1,6,2,320,49,y,1685
56,85.44,3,4,1040,0,1040,2,2,2,6,0,400,12,y,990
1,104.63,8,5,901,900,1801,2,3,1,8,1,800,40,y,2454
22,108,5,5,1200,0,1200,3,3,1,5,0,0,25,y,1845
5,93.13,7,5,864,864,1728,2,3,1,7,0,572,35,y,1955
97,96,5,7,768,664,1432,2,2,1,7,0,360,35,y,1375
47,67.68,6,8,912,0,912,1,3,1,5,0,288,48,y,1475
7,84.5,7,5,1349,0,1349,2,3,1,6,0,539,35,y,1845
46,128.86,5,6,1464,0,1464,2,3,1,6,1,480,30,y,1805
15,53.95,8,5,1337,0,1337,2,2,1,5,1,462,40,y,1855
32,89.63,8,9,1175,1540,2715,3,4,1,11,2,831,72,y,3053
9,87.95,7,5,980,1276,2256,2,4,1,8,1,554,35,y,2415
129,117,7,7,1320,1320,2640,1,4,1,8,1,864,49,y,2714.79
14,105.93,7,5,1720,0,1720,2,3,1,7,1,527,35,y,2659
64,84.05,4,3,1088,441,1529,2,4,1,9,0,240,12,y,1035
100,88,4,7,792,348,1140,1,3,1,7,0,0,28,n,1020
4,77.5,7,5,660,660,1320,2,3,1,6,0,400,35,n,1675
9,92.36,6,5,1494,0,1494,2,3,1,6,0,576,30,n,2225
1,102.4,8,5,1038,1060,2098,2,3,1,8,1,878,40,n,2810
40,79.3,6,8,1026,0,1026,1,3,1,5,0,440,48,n,1615
10,32.3,6,5,742,729,1471,2,3,1,6,0,440,30,n,1780
2,107.69,8,5,866,902,1768,2,3,1,7,0,578,40,n,2175
32,116.16,6,5,672,714,1386,2,3,1,6,1,440,30,n,1644
9,22.8,7,5,757,744,1501,2,3,1,6,0,440,35,n,1849
12,122.57,8,5,1328,1203,2531,2,4,1,9,1,752,40,n,2955
50,91,6,6,864,0,864,1,2,1,5,0,300,36,n,1330
85,69.11,5,5,1301,0,1301,1,2,1,5,0,440,25,n,1055
1,86.4,7,5,764,783,1547,2,3,1,7,0,614,35,n,2207
10,94.3,8,5,1268,1097,2365,2,3,1,8,1,856,40,n,3425
11,95.49,8,5,1494,0,1494,1,2,1,6,1,481,40,n,2755
0,145.87,9,5,1506,0,1506,2,2,1,6,1,592,45,n,2696.32
22,104.21,7,5,980,734,1714,2,3,1,7,1,496,35,n,2020
68,125.08,6,7,983,767,1750,2,4,1,7,0,423,42,n,1655
2,91,7,5,1836,0,1836,2,3,1,8,1,484,35,n,2223.37
7,535.04,8,5,1690,1589,3279,3,4,1,12,1,841,40,n,5435
27,72.52,5,5,858,0,858,1,2,1,5,0,576,25,n,1404
55,88.77,4,5,1220,0,1220,1,2,1,6,0,396,20,n,1075
34,78.19,6,5,1117,0,1117,1,3,1,6,1,672,30,n,1125
49,101.5,5,5,912,0,912,1,2,1,5,0,275,25,n,1200
1,142.26,8,5,1973,0,1973,2,3,1,9,1,895,40,n,4005
11,45,6,5,1204,0,1204,2,2,1,5,0,412,30,n,1675
1,112.1,7,5,1614,0,1614,2,3,1,7,0,865,35,n,2270
32,133.5,5,5,894,0,894,1,3,1,5,1,440,25,n,1480
30,84,5,5,2020,0,2020,2,4,2,10,2,630,25,n,1495
29,105.3,6,5,1004,0,1004,1,2,1,4,0,504,30,n,1405
12,78.75,7,5,1253,0,1253,2,3,1,6,1,402,35,n,1815
14,71.53,6,5,810,793,1603,2,3,1,7,0,484,30,n,1814
8,162.85,7,5,1430,0,1430,2,3,1,6,0,605,35,n,1926
31,91.01,5,6,1110,0,1110,1,1,1,4,1,602,30,n,1710
94,63,6,6,742,742,1484,2,3,1,9,1,0,36,n,1335
42,97.9,6,5,1342,0,1342,2,3,1,7,1,457,30,n,1670
95,108,5,6,966,686,1652,2,4,1,7,0,416,30,n,1445
6,101.42,7,5,956,1128,2084,2,4,1,8,0,618,35,n,2385
54,60,4,7,901,0,901,1,2,1,4,0,281,28,n,1134
41,122.05,6,8,976,1111,2087,2,5,1,9,0,444,48,n,1930
4,31.82,7,5,1145,0,1145,2,2,1,5,1,397,35,n,1657
31,113.33,6,5,1062,0,1062,1,3,1,5,2,539,30,n,1523
11,99.2,7,5,1127,886,2013,2,3,1,8,1,455,35,n,2752.9
0,91.58,8,5,1496,0,1496,2,3,1,7,0,474,40,n,2305
14,108.32,7,5,1086,809,1895,2,3,1,7,1,409,35,n,2000
30,84,6,6,888,676,1564,2,3,1,7,1,476,36,n,1765
30,81.97,6,5,1285,0,1285,1,3,1,7,1,528,30,n,1490
55,76.77,5,5,773,0,773,1,2,1,4,0,240,25,n,1155
1,135.18,9,5,1966,1174,3140,3,4,1,11,2,820,45,n,4905
70,72,5,7,981,787,1768,1,3,1,7,2,240,35,n,1805
11,127.98,6,5,616,1072,1688,2,4,1,8,0,603,30,n,2055
91,48,4,7,1196,0,1196,1,2,1,5,0,440,28,n,1154
3,81.99,7,5,728,728,1456,2,3,1,7,1,410,35,n,1945
1,138.91,9,5,1734,1088,2822,3,4,1,12,1,1020,45,n,5884.33
52,90,5,5,1128,0,1128,1,2,1,5,0,286,25,n,1235
0,122.74,7,5,1428,0,1428,2,3,1,6,0,554,35,n,2331.8
39,97.5,5,5,980,0,980,2,3,1,6,0,384,25,n,1410
86,213.84,5,6,1072,504,1576,1,3,1,6,1,528,30,n,2290
40,134,5,5,1086,0,1086,1,3,1,6,1,484,25,n,1654.5
111,81,5,5,1075,1063,2138,2,2,3,11,0,360,25,n,1115
32,101.4,6,6,1309,0,1309,1,3,1,5,1,484,36,n,1865
4,44.38,6,5,848,0,848,1,1,1,4,1,420,30,n,1500
58,87.12,5,5,1044,0,1044,1,2,1,4,0,504,25,n,614.93
49,97.5,6,6,1442,0,1442,1,4,1,7,0,301,36,n,1634
88,82.48,5,7,686,564,1250,1,3,1,7,0,280,35,n,1215
12,121.37,7,5,1661,0,1661,2,3,1,6,0,598,35,n,2304
52,114.25,5,6,1008,0,1008,1,2,1,4,1,275,30,n,1425
6,132.65,8,5,1689,0,1689,2,3,1,7,2,857,40,n,2765
39,88.16,6,7,1052,0,1052,1,3,1,6,0,440,42,n,1605
1,63.71,7,5,1358,0,1358,2,2,1,6,1,484,35,n,2295
5,72.26,7,5,798,842,1640,2,3,1,6,0,595,35,n,1885
56,60,4,4,936,0,936,1,2,1,4,0,576,16,n,985
4,123.94,7,5,847,886,1733,2,3,1,7,1,433,35,n,2305
69,99,6,7,944,545,1489,2,3,1,7,1,240,42,n,1450
0,112.16,8,5,1489,0,1489,2,3,1,7,1,776,40,n,2381
1,148.03,10,5,2084,0,2084,2,2,1,7,1,1220,50,n,3905
84,61.3,5,6,784,0,784,1,2,1,5,0,0,30,n,1150
8,85.29,7,5,1434,0,1434,2,3,1,6,1,527,35,n,1945
42,286.98,5,5,1160,966,2126,2,3,1,7,0,538,25,n,1905
1,25.44,7,5,520,623,1223,2,2,1,4,0,480,35,n,1529
51,119,6,5,1392,0,1392,1,3,1,6,2,458,30,n,1715
1,31.8,7,5,520,600,1200,2,2,1,4,0,480,35,n,1565
7,95.48,7,6,941,888,1829,2,3,1,7,1,613,42,n,2425
45,100.04,6,6,1516,0,1516,1,3,1,6,0,472,36,n,1725
47,78.75,5,6,1144,0,1144,1,3,1,6,0,456,30,n,1454.5
60,96,4,7,1067,0,1067,2,2,1,4,0,436,28,n,1335
59,81,5,6,1559,0,1559,1,2,1,5,0,812,30,n,1590
35,16.8,6,5,483,504,987,1,2,1,5,0,264,30,n,1055
13,95.25,5,6,1099,0,1099,1,3,1,6,0,352,30,n,1495
62,117.67,5,6,768,432,1200,1,3,1,6,0,240,30,n,1360
83,121.55,6,8,810,672,1482,2,4,1,7,0,400,48,n,1455
104,104.4,5,8,958,581,1539,2,3,1,8,1,686,40,n,1630
42,90.2,6,7,1165,0,1165,1,3,1,6,0,490,42,n,1804
46,80,5,4,1800,0,1800,2,6,2,10,0,0,20,n,1465
93,126.65,5,8,876,540,1416,1,4,1,7,1,720,40,n,1594
32,166.47,5,5,1701,0,1701,2,3,1,6,2,611,25,n,1765
16,93.17,7,5,1006,769,1775,2,3,1,7,1,425,35,n,2185
37,155.23,5,6,864,0,864,1,3,1,5,1,338,30,n,1390
100,456,6,8,1307,1051,2358,3,5,1,10,1,360,48,n,2455
31,96,6,7,1094,761,1855,2,3,1,7,1,512,42,n,1925
4,44.35,6,5,848,0,848,1,1,1,3,0,420,30,n,1370
3,31.96,8,5,1456,0,1456,2,2,1,7,1,400,40,n,2205
66,71.28,7,5,918,728,1646,2,4,1,7,2,240,35,n,1695
45,120.95,6,6,1445,0,1445,1,3,1,7,1,645,36,n,1635
51,179.2,5,4,1779,0,1779,1,3,1,6,1,454,20,n,1755
48,68.97,5,8,1040,0,1040,1,3,1,6,0,260,40,n,1325
30,109.7,6,6,1026,0,1026,1,3,1,5,0,576,36,n,1525
15,81.25,6,5,702,779,1481,2,3,1,6,1,343,30,n,1795
33,104,7,5,1370,0,1370,2,3,1,6,1,479,35,n,1575
38,110.29,6,7,1512,1142,2654,2,4,1,9,1,619,42,n,2555
89,76.42,7,8,912,514,1426,1,3,1,7,1,216,56,n,1954.5
45,116.25,5,4,1039,0,1039,1,3,1,6,0,504,20,n,1370
26,96.72,6,5,1097,0,1097,2,3,1,6,0,480,30,n,1575
50,79.31,5,5,1148,0,1148,1,3,1,6,0,672,25,n,1380
1,86.4,7,5,1372,0,1372,2,3,1,6,0,529,35,n,2560.8
39,87.5,5,6,1002,0,1002,1,3,1,5,0,902,30,n,1540
1,106.56,8,5,1646,0,1646,2,3,1,6,1,870,40,n,2544
46,69.7,4,5,1120,0,1120,1,3,1,5,0,544,20,n,1345
58,147.62,5,6,1547,720,2320,2,2,1,7,1,672,30,n,1745
17,99.38,7,5,1062,887,1949,2,3,1,8,1,574,35,n,2415
47,66,5,5,894,0,894,1,2,1,5,0,308,25,n,1150
12,87.5,6,5,804,878,1682,2,3,1,7,0,523,30,n,2060
55,88.92,5,7,910,0,910,1,3,1,5,0,414,35,n,1215
60,121.44,5,7,1036,0,1268,1,3,1,6,1,288,35,n,1385
68,57.2,5,6,676,455,1131,1,3,1,5,0,200,30,n,720
0,90,8,5,1184,1426,2610,2,4,1,11,1,550,40,n,3089.77
44,252.86,4,5,1040,0,1040,1,3,1,5,0,648,20,n,1377.5
5,88.34,9,5,1462,762,2224,2,4,1,10,1,738,45,n,3555
49,117.82,5,7,1155,0,1155,1,3,1,6,0,576,35,n,1535
31,70,5,8,864,0,864,1,3,1,6,0,336,40,n,1420
2,70.24,5,5,1090,0,1090,1,2,1,5,0,450,25,n,1625
17,137.58,7,5,1187,530,1717,2,3,1,7,1,400,35,n,1930
17,96.36,6,5,808,785,1593,2,3,1,7,1,389,30,n,1835
94,62.04,4,5,954,795,2230,1,5,1,10,0,440,20,n,1240
42,71.5,5,5,892,0,892,1,3,1,5,0,288,25,n,1055
9,51.19,9,5,1709,0,1709,2,2,1,5,1,506,45,n,3344
47,83.93,5,5,1712,0,1712,2,4,2,8,0,588,25,n,1505
53,164.66,5,7,872,521,1393,1,3,1,8,0,300,35,n,1410
37,158.65,8,6,2217,0,2217,2,4,1,8,1,621,48,n,2735
56,121.6,6,4,1505,0,1505,1,2,1,6,1,505,24,n,1550
58,80.64,5,7,672,252,924,1,3,1,6,1,576,35,n,1284
31,111.84,6,5,918,765,1683,2,3,1,7,1,440,30,n,1780
43,84.14,6,8,1068,0,1068,1,3,1,6,0,264,48,n,1600
54,132.84,5,5,1383,0,1383,1,3,1,6,1,354,25,n,1705
30,70.18,5,5,1535,0,1535,2,4,2,8,0,400,25,n,1243.58
45,70.56,6,5,983,813,1796,1,4,1,8,1,483,30,n,1455
70,87.65,4,6,951,0,951,1,2,1,6,0,327,24,n,1120
30,70.18,5,5,1120,1120,2240,2,6,2,12,0,528,25,n,1484.53
1,129.19,9,5,2364,0,2364,2,2,1,11,2,820,45,n,6171.57
45,69.93,5,7,1236,0,1236,1,3,1,6,1,288,35,n,1405
36,73.4,4,6,858,0,858,1,2,1,4,0,684,24,n,1155
52,87.12,5,7,1306,0,1306,1,2,1,5,0,756,35,n,1585
3,78.75,7,5,807,702,1509,2,3,1,8,1,393,35,n,1855
0,148.59,7,5,1670,0,1670,2,3,1,7,1,690,35,n,2455
40,61.73,5,6,902,0,902,1,3,1,6,0,288,30,n,1310
56,99.2,5,5,1063,0,1063,1,3,1,6,0,280,25,n,1335
1,135.01,8,5,1636,0,1636,2,3,1,8,1,865,40,n,2605
70,115,7,7,1020,1037,2057,1,3,1,6,1,180,49,n,2555
23,88.85,5,5,902,0,902,1,2,1,5,0,484,25,n,1365
4,125.89,6,5,742,742,1484,2,3,1,8,1,390,30,n,1795
50,116,5,5,1105,1169,2274,2,5,2,12,0,480,25,n,1598
32,92.86,5,7,1268,0,1268,1,3,1,5,0,252,35,n,1490
81,61.2,5,7,1015,0,1015,1,3,1,6,0,450,35,n,935
58,62.7,5,6,1001,1001,2002,2,4,2,8,0,871,30,n,1505
0,30,6,5,612,612,1224,2,2,1,4,0,528,30,n,1792.33
37,20.01,4,5,546,546,1092,1,3,1,6,0,286,20,n,805
57,90,2,3,480,0,480,0,1,1,4,0,308,6,n,408.11
53,171.4,4,6,1229,0,1229,1,3,1,6,0,284,24,n,1405
16,131.25,7,5,912,1215,2127,2,4,1,8,1,833,35,n,2435
50,110.29,6,8,1414,0,1414,1,3,1,6,1,601,48,n,1820
13,84.62,6,5,936,785,1721,2,3,1,7,0,471,30,n,2065
108,87.77,5,7,1272,928,2200,2,4,2,9,0,0,35,n,1514
1,102.37,6,5,1316,0,1316,2,3,1,6,1,397,30,n,1754.9
15,80.12,6,5,1617,0,1617,2,2,1,5,1,533,30,n,1985
26,102.4,6,6,1686,0,1686,2,3,1,7,1,612,36,n,2130
31,156.11,5,6,1126,0,1126,2,3,1,6,0,540,30,n,1805
4,119.99,8,5,1234,1140,2374,2,4,1,10,1,656,40,n,2905
40,99,7,5,1098,880,1978,2,4,1,9,1,486,35,n,1815
8,118.38,8,5,1788,0,1788,2,3,1,7,1,522,40,n,2420
9,130.06,7,5,993,1243,2236,2,4,1,8,1,642,35,n,2275
2,89.25,8,5,1466,0,1466,2,3,1,7,0,610,40,n,2065
44,91,5,6,925,0,925,1,2,1,5,0,429,30,n,1230
1,116.7,9,5,1905,0,1905,2,3,1,8,1,788,45,n,3255
5,84.87,7,5,1500,0,1500,2,3,1,6,0,570,35,n,1955
48,276.5,7,7,2069,0,2069,2,4,1,9,1,505,49,n,2475
80,58.25,4,5,747,0,747,1,1,1,5,0,528,20,n,854
6,100.83,7,5,1200,0,1200,2,2,1,5,0,555,35,n,1904
4,96.75,7,5,1113,858,1971,2,3,1,8,1,689,35,n,2585
0,87.6,7,5,1391,571,1962,2,3,1,7,0,868,35,n,2452.99
70,240.9,7,7,1207,1196,2403,2,4,1,10,2,349,49,y,2499
30,126.4,6,5,1728,0,1728,2,4,2,8,0,574,30,y,1564
10,87.55,7,5,1022,1038,2060,2,3,1,8,1,390,35,y,2195
30,77.11,4,3,1440,0,1440,2,4,2,8,0,0,12,y,1555
40,250,5,4,1632,0,1632,2,4,2,8,0,576,20,y,1485
51,143.75,6,6,1344,0,1344,1,3,1,7,1,525,36,y,1430
119,88.2,5,6,1188,561,1869,1,2,1,7,0,456,30,y,1304
47,81.63,5,6,1144,0,1144,1,3,1,6,1,796,30,y,1485
5,145.36,8,5,1629,0,1629,2,3,1,9,1,808,40,y,2755
4,140.06,7,5,936,840,1776,2,3,1,7,1,474,35,y,1980
38,93.6,6,7,1381,0,1381,1,3,1,5,1,676,42,y,2030
57,72,5,8,864,0,864,1,3,1,5,0,720,40,y,1345
41,78,5,5,965,0,965,1,3,1,6,0,300,25,y,1254
37,72,5,8,768,0,768,1,2,1,5,0,396,40,y,1394
39,110.75,5,4,1168,800,1968,2,4,1,7,1,530,20,y,1775
31,94,6,5,980,0,980,2,4,0,4,0,0,30,y,1330
61,71.36,6,6,979,979,1958,2,4,2,8,0,492,36,y,1505
29,13,6,6,561,668,1229,1,2,1,5,1,462,36,y,1295
45,74.2,5,5,1057,0,1057,1,3,1,6,0,576,25,y,1375
4,84.5,7,5,1337,0,1337,2,3,1,6,0,531,35,y,1905
11,25.72,7,5,696,720,1416,2,3,1,6,0,484,35,y,1605
52,72.07,5,7,858,0,858,1,2,1,4,0,0,35,y,1220
31,122.27,6,7,1542,1330,2872,2,4,1,11,1,619,42,y,2775
31,23.08,6,6,804,744,1548,2,3,1,7,1,440,36,y,1605
2,119.23,9,5,1800,0,1800,2,2,1,7,0,702,45,y,2445
8,113.16,7,5,824,1070,1894,2,4,1,8,1,510,35,y,2204
2,102.37,6,5,783,701,1484,2,3,1,8,1,393,30,y,1844
69,96,5,7,976,332,1308,1,2,1,7,2,256,35,y,1655
53,73.9,5,7,1098,0,1098,1,3,1,6,0,260,35,y,1405
99,59.25,3,6,600,368,968,1,2,1,6,0,0,18,y,434
48,103.82,6,5,1095,0,1095,1,2,1,6,0,264,30,y,1455
57,108,4,4,720,472,1192,1,4,1,6,0,0,16,y,1405
6,22.68,7,5,764,862,1626,2,2,1,6,0,474,35,y,1785
31,78.92,6,5,918,0,918,2,2,1,5,1,264,30,y,1050
1,116.39,7,5,1428,0,1428,2,3,1,6,0,480,35,y,1875
99,114.14,7,8,1136,883,2019,1,3,1,8,0,532,56,y,1730
6,26.51,7,5,673,709,1382,2,3,1,6,0,490,35,y,1705
83,59,4,7,869,0,869,1,2,1,4,0,0,28,y,910
1,42.74,7,5,1241,0,1241,1,1,1,4,0,569,35,y,2054
53,94.5,4,5,894,0,894,1,3,1,5,0,400,20,y,1155
46,88.16,5,6,1121,0,1121,1,3,1,5,0,480,30,y,1445
47,121.22,7,9,999,0,999,1,3,1,6,0,588,63,y,1839
11,122.03,8,5,1276,1336,2612,2,4,1,8,1,676,40,y,3415
1,31.82,7,5,1266,0,1266,2,2,1,6,1,388,35,y,1653.95
6,112.5,8,5,1149,1141,2290,2,4,1,9,1,779,40,y,2614
32,101.25,5,5,1302,432,1734,2,4,2,8,0,539,25,y,1315
58,108.8,5,5,1164,0,1164,1,3,1,5,0,240,25,y,1305
96,53.1,6,8,1001,634,1635,1,2,1,5,0,255,48,y,1225
1,101.59,9,5,1940,0,1940,2,3,1,8,1,606,45,y,4006.92
31,120.46,6,6,1118,912,2030,2,4,1,8,1,551,36,y,2005
0,81.25,7,5,778,798,1576,2,3,1,6,0,614,35,y,2025
9,94.52,8,5,1407,985,2392,2,3,1,7,1,870,40,y,3535
127,176.71,8,9,916,826,1742,1,4,1,8,1,424,72,y,1735
43,97.6,6,8,1020,831,1851,2,3,1,7,1,440,48,y,1925
1,88.46,6,5,750,750,1500,2,3,1,6,0,564,30,y,1794
3,124.56,10,5,1718,0,1718,2,3,1,7,1,786,50,y,3430
60,47.12,4,7,774,456,1230,1,3,1,5,0,305,28,y,1271
45,106.59,5,6,1050,0,1050,1,3,1,6,0,368,30,y,1420
39,117.17,6,6,1442,0,1442,2,2,1,6,1,615,36,y,1905
84,97.86,3,4,1077,0,1077,1,3,1,6,1,210,12,y,965
4,67.62,7,5,1208,0,1208,2,2,1,6,0,632,35,y,2115
57,102.06,3,3,944,0,944,1,2,1,4,0,528,9,y,875
87,54,5,6,691,0,691,1,2,1,4,0,216,30,y,915
2,119.57,8,5,1574,0,1574,2,3,1,7,1,824,40,y,2375
31,115,5,6,1680,0,1680,2,4,2,8,0,528,30,y,1424.05
4,31.82,7,5,1504,0,1504,2,1,1,7,1,457,35,y,1865
31,83.85,5,8,985,0,985,2,3,1,6,0,328,40,y,1554
37,121.55,6,3,1657,0,1657,2,3,1,7,1,484,18,y,1690
39,22.17,4,4,546,546,1092,1,3,1,6,0,286,16,y,935
5,121.18,7,5,1710,0,1710,2,3,1,7,1,550,35,y,2455
80,60,5,5,1008,0,1522,2,4,1,7,0,0,25,y,1075
60,212.86,5,5,720,551,1271,2,4,1,7,1,312,25,y,1405
45,98.25,5,5,1664,0,1664,2,4,2,8,0,0,25,y,1055
84,105.92,6,7,900,602,1502,1,3,1,7,2,180,42,y,1705
99,72,5,4,1022,0,1022,1,2,1,4,0,280,20,y,905
59,116.64,6,5,1082,0,1082,1,2,1,5,1,240,30,y,1247
8,84,8,6,810,855,1665,2,3,1,6,0,528,48,y,2325
13,118.83,7,5,1504,0,1504,2,3,1,6,1,478,35,y,2085
25,58.14,8,5,1360,0,1360,1,1,1,4,1,565,40,y,1930
16,107.84,7,5,802,670,1472,2,3,1,7,1,402,35,y,1655
1,30.13,7,5,1506,0,1506,2,2,1,6,1,440,35,y,2189.9
3,70.24,4,5,1132,0,1132,1,2,1,5,0,451,20,y,1815
0,74.06,7,5,1220,0,1220,2,2,1,6,0,632,35,y,1995
77,94.39,5,5,912,336,1248,1,2,1,6,0,160,25,y,925
3,31.82,7,5,1504,0,1504,2,2,1,7,1,437,35,y,1965
32,154.98,8,6,2898,0,2898,2,2,1,10,1,665,48,y,2925
35,77,5,5,882,0,882,1,3,1,5,0,461,25,y,1180
50,93,5,5,1264,0,1264,1,3,1,6,2,461,25,y,1730
1,95.2,8,5,1646,0,1646,2,3,1,7,1,800,40,y,2985.77
66,94.92,5,5,968,408,1376,1,3,1,6,1,240,25,y,1105
34,16.8,6,7,672,546,1218,1,3,1,7,0,264,42,y,1235
90,70.82,5,8,948,980,1928,2,5,2,10,0,0,40,y,1655
89,158.63,7,3,1687,998,3082,2,5,1,12,2,672,21,y,2025
13,145.41,8,7,1352,1168,2520,2,5,1,10,1,796,56,y,3155
4,81.25,7,5,1654,0,1654,2,3,1,6,0,900,35,y,2355
69,63.05,5,7,954,0,954,1,2,1,5,1,240,35,y,1252.5
52,115,4,3,845,0,845,1,3,1,5,0,290,12,y,895
2,128.98,9,5,1620,0,1620,2,2,1,6,1,912,45,y,3210
7,92.4,8,5,1055,1208,2263,2,3,1,7,1,905,40,y,2925
39,15.33,4,6,798,546,1344,1,3,1,6,1,0,24,y,1025
39,14.77,4,4,630,0,630,1,1,1,3,0,286,16,y,855
49,131.25,5,4,1803,0,1803,2,3,1,8,1,484,20,y,1605
42,91.3,6,8,800,832,1632,1,4,1,7,0,484,48,y,1785
4,53.81,6,5,1306,0,1306,2,1,1,5,1,624,30,y,2015
18,118.39,7,5,1532,797,2329,2,4,1,10,1,514,35,y,2677.8
28,96,8,5,2524,0,2524,2,4,1,9,1,542,40,y,2835
54,136.8,3,5,1733,0,1733,2,4,1,8,1,452,15,y,1451
1,160.56,9,5,1992,876,2868,3,4,1,11,1,716,45,y,5620.81
14,92.45,5,5,990,0,990,1,3,1,5,0,672,25,y,1505
49,217.5,5,4,1771,0,1771,1,3,1,9,1,336,20,y,1205
64,111,4,7,930,0,930,1,2,1,6,0,308,28,y,904
0,89.93,7,5,1302,0,1302,2,3,1,6,0,436,35,y,1819.85
0,111.75,7,5,1316,0,1316,2,3,1,6,1,440,35,y,2056.41
43,95,6,6,1127,850,1977,1,4,1,9,1,540,36,y,1705
53,85.62,5,6,1526,0,1526,1,4,1,7,1,364,30,y,1500
4,113.67,8,5,1091,898,1989,2,3,1,7,1,586,40,y,2605
32,113.61,6,5,1523,0,1523,2,3,1,7,1,478,30,y,1855
1,70.52,7,5,1364,0,1364,2,2,1,6,1,484,35,y,1913.5
15,299.59,7,6,979,871,1850,2,3,1,7,1,467,42,y,2535
1,113.08,9,5,1130,1054,2184,2,3,1,10,1,836,45,y,3405
75,112.75,6,7,1096,895,1991,1,3,1,7,1,432,42,y,2255
9,49.2,8,5,1338,0,1338,2,2,1,6,0,582,40,y,2190
73,180,3,4,894,0,894,1,2,1,6,0,1248,12,y,865
107,136,5,5,1422,915,2337,2,5,2,10,0,560,25,y,955
81,60,6,6,1103,0,1103,1,2,1,5,1,440,36,y,1160
43,110,5,6,1154,0,1154,1,3,1,6,1,480,30,y,1595
14,140,7,5,1306,954,2260,2,3,1,7,0,533,35,y,3335
16,78.37,6,7,799,772,1571,2,3,1,7,1,380,42,y,1835
44,97.6,6,6,798,813,1611,1,4,1,7,0,442,36,y,1734
33,39.64,6,4,1291,1230,2521,2,5,1,10,1,576,24,y,1569
58,96,5,7,893,0,893,1,2,1,4,0,576,35,y,1405
51,101.52,5,5,1048,0,1048,1,3,1,6,0,286,25,y,1405
41,117,6,6,829,727,1556,1,4,1,8,0,441,36,y,1595
58,75.85,5,3,1002,454,1456,1,4,1,7,1,280,15,y,970
32,79.5,6,6,698,728,1426,1,3,1,6,0,440,36,y,1650
1,85.56,7,5,1240,0,1240,2,2,1,5,0,826,35,y,1995
67,131.25,7,6,960,780,1740,1,3,1,6,2,240,42,y,2250
70,108,5,8,1096,370,1466,2,3,1,7,1,566,40,y,1755
37,158.7,5,5,1096,0,1096,1,3,1,6,0,299,25,y,1443
2,44.35,6,5,848,0,848,1,1,1,3,1,420,30,y,1614
13,87.75,5,5,990,0,990,1,3,1,5,0,299,25,y,1315
37,110.4,6,7,1258,0,1258,2,3,1,5,0,528,42,y,1505
47,75,5,5,1040,0,1040,1,3,1,5,0,308,25,y,1385
5,87.49,7,5,1459,0,1459,2,3,1,6,1,527,35,y,1975
42,88,6,6,1251,0,1251,1,3,1,6,2,461,36,y,1655
11,130.31,6,5,691,807,1498,2,3,1,6,1,409,30,y,1930
18,90.69,6,6,996,0,996,1,2,1,5,0,564,36,y,1525
37,19.74,4,5,546,546,1092,1,3,1,6,0,286,20,y,890
4,105.74,8,5,1082,871,1953,2,3,1,9,1,1043,40,y,2575
2,25.22,7,5,970,739,1709,2,3,1,7,0,380,35,y,1430
1,33.16,8,5,1247,0,1247,1,1,1,4,1,550,40,y,2025
59,85.44,3,4,1040,0,1040,2,2,2,6,0,400,12,y,984
9,21.6,7,5,624,628,1252,2,2,1,4,0,462,35,y,1655
83,84,6,5,1390,304,1694,2,4,1,7,1,576,30,y,1420
41,92.3,5,8,1200,0,1200,1,1,1,6,0,884,40,y,1515
54,58.68,5,7,936,0,936,1,2,1,4,0,308,35,y,1345
1,93.17,6,5,1314,0,1314,2,3,1,6,1,440,30,y,1819.32
93,68.82,6,7,773,582,1355,1,3,1,7,0,0,42,y,1325
21,36.96,8,5,1088,0,1088,1,2,1,5,0,461,40,y,1755
73,60,4,6,757,567,1324,1,3,1,6,0,240,24,y,1335
31,118.8,7,5,1601,0,1601,2,3,1,7,1,478,35,y,1625
89,84,2,5,438,0,438,1,1,1,3,0,246,10,y,655
36,97.58,5,5,950,0,950,1,3,1,5,0,280,25,y,1250
47,70,5,7,1134,0,1134,1,2,1,6,0,254,35,y,1405
47,89.1,6,6,1194,0,1194,1,3,1,6,1,539,36,y,1650
37,20.16,5,5,630,672,1302,2,3,1,6,0,440,25,y,1115
16,122.56,8,5,1500,1122,2622,2,3,1,9,2,712,40,y,3305
17,103.57,7,5,1442,0,1442,2,3,1,6,1,719,35,y,1854
0,232.57,7,5,887,1134,2021,2,3,1,9,1,422,35,y,2802.25
7,80.63,6,5,948,742,1690,2,3,1,7,1,463,30,y,1865
5,113.62,8,5,1836,0,1836,2,3,1,7,1,862,40,y,2855
13,80,6,5,773,885,1658,2,3,1,8,1,431,30,y,1935
32,104.8,7,6,1098,866,1964,2,4,1,8,1,483,42,y,2105
49,71,5,7,816,0,816,1,2,1,5,0,308,35,y,1354
54,89.23,5,7,1008,0,1008,1,2,1,6,0,240,35,y,1400
52,54,5,7,833,0,833,1,2,1,4,0,326,35,y,1225
0,120.85,8,5,1734,0,1734,2,3,1,7,1,928,40,y,3235
7,77.5,8,5,779,640,1419,2,3,1,7,1,527,40,y,1896
41,97.64,5,7,894,0,894,1,3,1,5,0,450,35,y,1355
50,138.25,5,6,1021,580,1601,1,3,1,6,0,300,30,y,1455
47,75.6,5,5,1040,0,1040,1,3,1,6,0,286,25,y,1392
87,82.63,6,5,1012,0,1012,1,2,1,6,1,308,30,y,1239
1,100.84,7,5,1552,0,1552,2,3,1,7,0,782,35,y,2184
53,89.26,4,3,960,0,960,1,3,1,5,0,288,12,y,1175
62,94.05,5,9,698,0,698,1,2,1,4,0,0,45,y,1235
15,91.25,7,5,812,670,1482,2,3,1,7,1,392,35,y,1694
54,104.34,4,5,1005,0,1005,1,2,1,5,1,672,20,y,1205
2,36.84,7,5,1555,0,1555,2,2,1,7,1,660,35,n,1795
3,145.72,7,5,1530,0,1530,2,3,1,7,1,630,35,n,2645
3,117.96,7,5,847,1112,1959,2,4,1,8,1,434,35,n,2205
27,72,5,5,936,0,936,1,2,1,4,0,672,25,n,1455
81,78.04,4,3,1328,653,1981,2,4,1,7,2,576,12,n,1405
16,107.12,5,5,974,0,974,1,3,1,5,0,0,25,n,990
127,99,6,4,1178,1032,2210,2,5,1,8,0,205,24,n,1230
14,98.28,8,5,1142,878,2020,2,3,1,8,1,466,40,n,2450
10,87.73,6,5,916,684,1600,2,3,1,7,1,460,30,n,1745
81,61.8,6,5,986,0,986,1,2,1,5,1,180,30,n,1075
58,96,6,5,1032,220,1252,1,3,1,6,0,288,30,n,1245
135,63.42,5,8,780,240,1020,1,2,1,6,0,0,40,n,995
32,98.19,6,5,1567,0,1567,2,2,1,5,2,714,30,n,2015
87,87.31,5,5,1167,0,1167,1,3,1,6,1,495,25,n,1495
57,73.5,5,7,952,0,952,1,2,1,4,0,840,35,n,1445
33,103.04,5,7,1088,780,1868,2,4,1,9,1,484,35,n,2030
1,99.65,8,5,1466,1362,2828,3,4,1,11,1,1052,40,n,4303.7
49,90,5,3,1006,0,1006,1,3,1,5,0,0,15,n,855
69,121.8,4,4,672,252,924,1,2,1,5,0,280,16,n,855
78,62.4,5,6,1042,534,1576,1,3,1,8,1,225,30,n,1545
21,112,6,5,1298,0,1298,2,3,1,5,1,403,30,n,1855
68,120,7,7,860,704,1564,1,3,1,7,1,234,49,n,1800
82,57,7,7,572,539,1111,1,2,1,5,1,288,49,n,1224
89,90,7,9,832,650,1482,1,3,1,7,0,324,63,n,1485
57,82.8,6,5,932,0,932,1,2,1,4,1,306,30,n,1295
47,177.55,5,4,1466,0,1466,1,3,1,6,2,528,20,n,1554
50,141.15,6,7,1811,0,1811,1,2,1,6,1,470,42,n,2355
78,58.9,6,8,816,0,816,1,2,1,5,0,432,48,n,1260
43,137,7,6,902,918,1820,1,4,1,8,2,492,42,n,2073
31,107.68,5,8,1437,0,1437,2,3,1,6,1,528,40,n,2235
43,93.5,5,8,1265,0,1265,2,3,1,6,1,502,40,n,1854
2,50.01,7,5,1314,0,1314,2,2,1,6,1,626,35,n,2355
1,119.32,8,5,1580,0,1580,2,3,1,7,0,830,40,n,2406.28
34,91.2,6,6,943,933,1876,2,4,1,8,1,540,36,n,1905
32,22.8,6,5,855,601,1456,2,3,1,7,1,440,30,n,1515
54,147.78,6,7,1640,0,1640,1,3,1,7,1,924,42,n,2295
39,87.24,5,5,894,0,894,1,3,1,5,1,450,25,n,1345
39,129,4,4,1258,0,1258,0,0,2,6,0,400,16,n,1144.59
29,161.57,5,7,1432,0,1432,1,2,1,5,1,588,35,n,1995
0,95.41,7,5,1502,0,1502,2,3,1,7,0,644,35,n,2386.7
2,104.75,8,5,1694,0,1694,2,3,1,7,0,776,40,n,2508.5
6,108.52,6,5,959,712,1671,2,3,1,7,1,472,30,n,1785
73,137.28,6,7,1236,872,2108,2,4,1,7,2,540,42,n,2405
11,357.6,10,5,1831,1796,3627,3,4,1,10,1,807,50,n,6305
31,98.8,6,6,1118,0,1118,1,3,1,6,1,358,36,n,1765
50,91.2,6,6,1261,0,1261,1,3,1,6,1,433,36,n,1685
2,40.17,7,5,625,625,1250,2,2,1,5,0,625,35,n,1774
61,180.3,5,6,1636,971,3086,3,3,1,12,1,0,30,n,2060
74,165.6,6,8,1170,1175,2345,2,4,1,9,1,360,48,n,2445
15,106.78,8,5,2129,743,2872,2,4,1,9,1,541,40,n,2905
24,69.51,5,5,923,0,923,1,3,1,5,0,264,25,n,1250
83,39.5,6,8,818,406,1224,1,3,1,5,0,210,48,n,1205
88,76.81,5,6,820,523,1343,1,3,1,7,1,186,30,n,1604
52,83.35,5,5,1124,0,1124,1,3,1,5,1,0,25,n,985
16,111.7,7,5,1298,1216,2514,2,4,1,8,0,693,35,n,2555
0,55.87,8,5,1652,0,1652,2,2,1,5,1,482,40,n,3980
11,156.23,10,5,2411,2065,4476,3,4,1,10,2,813,50,n,7505
86,108,5,6,1130,0,1130,1,2,1,5,1,720,30,n,1255
44,351.33,5,4,1572,0,1572,1,3,1,5,2,995,20,n,1922
82,97.38,5,7,949,272,1221,1,4,1,7,0,392,35,n,1104
109,106.15,3,5,1014,685,1699,2,3,2,7,0,420,15,n,1005
12,124.61,8,5,1624,0,1624,2,2,1,5,1,757,40,n,2675
7,89.35,7,5,831,829,1660,2,3,1,7,0,493,35,n,2005
11,75,7,5,1028,776,1804,2,3,1,7,1,442,35,n,1945
46,324.63,4,4,1622,0,1622,1,3,1,7,1,1356,16,n,1735
8,26.45,8,5,764,677,1441,2,2,1,5,0,492,40,n,1795
82,96,5,8,842,630,1472,1,3,1,6,0,250,40,n,1305
10,45,6,5,1224,0,1224,2,2,1,5,0,402,30,n,1705
41,93.64,6,7,663,689,1352,1,4,1,7,0,299,42,n,1635
3,80.29,6,5,728,728,1456,2,3,1,8,0,400,30,n,1815
0,140.54,7,5,879,984,1863,2,4,1,9,1,660,35,n,2247.1
90,88.5,7,6,815,875,1690,1,3,1,7,1,225,42,n,1495
8,91,7,5,1212,0,1212,2,3,1,6,0,573,35,n,1835
43,112.35,4,5,1382,0,1382,1,3,1,6,1,459,20,n,1535
36,93.53,4,5,864,0,864,1,3,1,5,0,280,20,n,1215.5
11,104,7,5,866,913,1779,2,3,1,6,0,546,35,n,2034
84,60,5,8,884,464,1348,1,3,1,5,1,216,40,n,1225
9,97.5,7,5,1630,0,1630,2,3,1,6,1,451,35,n,2185
31,101.4,5,6,1074,0,1074,1,3,1,6,0,495,30,n,1590
19,146.84,7,7,2196,0,2196,2,3,1,7,1,701,49,n,2774
40,89,4,4,1056,0,1056,1,2,1,5,0,384,16,n,1125
3,91.35,6,5,1700,0,1700,2,3,1,7,0,544,30,n,2055
46,77.63,5,7,1283,0,1283,1,3,1,6,0,506,35,n,1455
0,101.82,8,5,1660,0,1660,2,3,1,8,1,500,40,n,2955
18,112.18,6,5,1055,790,1845,2,3,1,8,1,462,30,n,1945
22,121.34,8,7,1080,672,1752,2,4,1,8,0,492,56,n,1695
68,93.4,4,6,672,0,672,1,2,1,4,0,234,24,n,1185
41,102.46,4,9,960,0,960,0,0,1,3,0,364,36,n,1505
44,102.05,5,5,999,0,999,1,3,1,6,0,300,25,n,1400
41,70.94,5,5,894,0,894,1,3,1,5,0,384,25,n,1305
32,89.3,6,5,1318,584,1902,2,4,2,8,0,539,30,n,1175
0,86.4,8,5,1314,0,1314,2,3,1,6,0,552,40,n,2349.56
59,62.4,4,5,672,240,912,1,2,1,3,0,0,20,n,860
35,16.8,6,5,672,546,1218,1,3,1,7,0,0,30,n,970
42,78,5,5,912,0,912,1,2,1,5,0,288,25,n,1205
40,82.5,5,5,1211,0,1211,1,3,1,5,1,322,25,n,1395
58,104.96,6,6,1168,678,1846,2,3,1,7,1,315,36,n,1485
55,106.8,5,3,2136,0,2136,2,4,1,7,0,528,15,n,1434
4,153.84,7,5,788,702,1490,2,3,1,8,1,388,35,n,1895
49,104.82,6,8,1138,0,1138,1,3,1,6,0,264,48,n,1505
1,145.98,6,5,894,1039,1933,2,4,1,9,1,668,30,n,2195
43,88.72,5,8,912,0,912,1,2,1,5,0,576,40,n,1525
0,87.69,9,5,1702,0,1702,1,1,1,7,1,1052,45,n,3727.94
48,79.1,5,5,1507,0,1507,2,4,1,7,0,404,25,n,1325
30,188.9,5,5,1361,1259,2620,2,4,2,12,1,600,25,n,1955
44,77.28,5,6,1190,0,1190,1,3,1,6,0,540,30,n,1380
45,98.42,4,5,1224,0,1224,2,2,2,6,0,462,20,n,1073
51,121.6,5,5,1188,0,1188,1,3,1,6,0,531,25,n,1475
97,85.25,5,6,1024,940,1964,1,4,1,7,0,0,30,n,1355
92,131.32,5,5,892,892,1784,1,4,1,9,0,180,25,n,1443.87
7,26.28,7,5,764,862,1626,2,2,1,6,0,474,35,n,1810
2,123.93,7,5,847,1101,1948,2,4,1,8,1,434,35,n,2005
1,130.72,6,5,1141,0,1141,1,3,1,6,0,484,30,n,1480
1,90.37,8,5,1484,0,1484,2,2,1,6,1,472,40,n,2714
5,81.58,7,5,884,884,1768,2,3,1,8,0,543,35,n,2304
0,98.49,7,6,1689,0,1689,2,3,1,7,0,954,42,n,2538.28
36,106.25,7,6,1173,0,1173,2,3,1,6,2,528,42,n,1755
0,138.91,10,5,2076,0,2076,2,2,1,7,1,850,50,n,4705
77,114.35,8,7,792,725,1517,1,3,1,7,2,400,56,n,2355
23,120.9,6,7,1140,728,1868,3,3,1,7,1,477,42,n,1835
1,81.25,7,5,756,797,1553,2,3,1,6,0,615,35,n,1920
34,123.28,6,5,1034,0,1034,1,3,1,6,0,888,30,n,1754
91,96,6,5,1134,924,2058,1,3,1,8,1,396,30,n,1350
57,72,5,7,988,0,988,1,3,1,6,0,276,35,n,1245
42,111.6,7,5,2110,0,2110,2,3,1,8,2,522,35,n,2495
3,31.36,7,5,1405,0,1405,2,2,1,6,1,478,35,n,1772.5
41,98.58,5,6,874,0,874,1,3,1,5,0,288,30,n,1355
33,175.42,7,7,1516,651,2167,2,3,1,9,2,518,49,n,2995
5,69.31,7,5,760,896,1656,2,3,1,7,1,397,35,n,1709
76,62.4,6,6,959,408,1367,1,3,1,6,1,560,36,n,1330
14,143.03,8,5,1987,0,1987,2,2,1,7,1,691,40,n,3070
87,40.6,5,8,864,0,864,1,2,1,4,0,0,40,n,1054
3,95.87,7,5,1166,0,1166,2,2,1,5,0,400,35,n,1955
39,97.5,6,8,1054,0,1054,1,3,1,6,0,460,48,n,1565
10,246.82,6,5,892,783,1675,2,3,1,7,1,502,30,n,1865
53,96,5,6,1050,0,1050,1,2,1,5,0,338,30,n,1344
52,112.5,4,5,1104,684,1788,1,5,1,8,2,304,20,n,1670
88,135.15,6,6,1060,764,1824,1,3,1,8,1,520,36,n,1860
10,40.6,6,5,1337,0,1337,2,2,1,5,0,511,30,n,1865
7,37.35,7,5,713,739,1452,2,3,1,6,0,506,35,n,1894
97,101.2,7,4,964,925,1889,1,4,2,9,1,308,28,n,1275
2,132.14,9,5,2018,0,2018,2,3,1,10,1,746,45,n,3840
73,141,8,9,1968,1479,3447,3,4,1,11,2,1014,72,n,3865
49,113.44,5,5,874,650,1524,1,3,1,7,0,315,25,n,1495
31,235.95,7,6,1332,192,1524,0,0,1,4,1,586,42,n,2655
41,91.56,6,7,1489,0,1489,2,3,1,7,1,462,42,n,1912.5
41,135.26,5,6,935,0,935,1,3,1,5,0,288,30,n,1425
49,115.12,6,7,1357,0,1357,1,2,1,5,1,312,42,n,1825
97,53.62,5,6,661,589,1250,2,3,1,8,1,552,30,n,1445
59,113.45,5,5,928,992,1920,2,4,2,10,0,400,25,n,1425
37,129.36,6,6,735,660,1395,1,3,1,6,1,497,36,n,1675
42,178.71,6,5,1724,0,1724,1,3,1,7,1,480,30,n,2034
6,94.73,8,5,1128,903,2031,2,3,1,7,1,577,40,n,2425
90,75,4,4,698,430,1128,1,2,1,6,0,528,16,n,739
7,98.08,7,5,1573,0,1573,2,3,1,6,0,544,35,n,2325
16,80.49,7,5,1339,0,1339,2,2,1,6,1,484,35,n,1855
32,88,5,7,1040,0,1040,2,3,1,5,0,484,35,n,1560
39,94,6,5,912,912,1824,2,4,2,8,0,0,30,n,1445
91,96.38,6,7,1699,748,2447,2,4,1,10,1,336,42,n,1745
70,60,6,6,825,587,1412,1,4,1,6,1,280,36,n,1380
47,97.9,6,5,1328,0,1328,1,3,1,6,2,528,30,n,1485
42,365,5,5,1582,0,1582,2,4,1,7,0,390,25,n,1955
9,56.64,8,5,1659,0,1659,2,2,1,5,1,499,40,n,2835
0,110.65,8,5,1120,850,1970,2,3,1,8,1,753,40,n,2865
46,141.12,5,7,1152,0,1152,1,3,1,6,1,484,35,n,1860
37,16.8,5,7,630,672,1302,2,3,1,6,0,264,35,n,1250
117,66,5,4,1378,994,2372,2,4,2,11,0,432,20,n,1130
30,101.4,7,5,832,832,1664,2,4,1,8,1,528,35,n,1684
51,81.72,5,7,864,0,864,1,2,1,5,0,572,35,n,1205
38,84,5,5,1052,0,1052,1,3,1,5,0,288,25,n,1440
45,87,5,6,1128,0,1128,2,3,1,6,0,525,30,n,1605
1,36.75,6,5,1072,0,1072,2,2,1,5,0,525,30,n,1455
0,638.87,10,5,4692,950,5642,2,3,1,12,3,1418,50,n,1655
51,75,5,7,1246,0,1246,1,3,1,6,0,305,35,n,1595
10,107.62,7,5,1005,978,1983,2,3,1,9,1,490,35,n,2305
67,75,6,7,753,741,1494,1,3,1,7,2,213,42,n,1830
12,101.2,8,5,1203,1323,2526,2,4,1,8,1,844,40,n,2955
1,86.88,7,5,1616,0,1616,2,3,1,7,0,834,35,n,2375
2,33.63,7,5,976,732,1708,2,3,1,7,0,380,35,n,1355
3,131.73,9,5,1652,0,1652,2,2,1,6,2,840,45,n,3305
1,69.55,7,5,1368,0,1368,2,2,1,6,1,474,35,n,2080
15,80.72,5,5,990,0,990,1,3,1,5,0,480,25,n,1435
60,120,5,7,1122,0,1122,1,2,1,6,0,528,35,n,1525
17,71.53,6,5,1294,0,1294,2,3,1,6,0,496,30,n,1847
51,175,7,8,1902,0,1902,2,3,1,7,2,567,56,n,3405
2,88.14,7,5,1274,0,1274,2,3,1,6,0,508,35,n,2085
17,95.72,8,5,1453,1357,2810,2,4,1,9,1,750,40,n,3075
11,147.74,9,5,1422,1177,2599,2,4,1,10,1,779,45,n,3386.68
53,81.9,4,6,948,0,948,1,3,1,5,1,280,24,n,1245
39,110.75,6,5,1092,1020,2112,2,4,1,9,2,576,30,n,2124
1,102.26,8,5,1630,0,1630,2,3,1,8,1,860,40,n,3009.93
1,42.3,7,5,1352,0,1352,2,2,1,5,1,466,35,n,2144
5,147.81,8,5,1787,0,1787,2,3,1,7,1,748,40,n,2805
53,102.15,4,5,948,0,948,1,3,1,5,0,248,20,n,1165
52,84,6,3,1478,0,1478,1,3,1,6,2,442,18,n,1620
59,66.27,3,6,720,0,720,1,2,1,4,0,287,18,n,780
18,101.86,7,5,1061,862,1923,2,3,1,8,1,564,35,n,1955
69,53.3,4,7,708,0,708,1,2,1,5,0,0,28,n,880
1,99.86,8,5,1795,0,1795,2,2,1,7,1,895,40,n,1525
86,36.36,4,4,796,0,796,1,2,1,5,0,0,16,n,605
76,42.7,3,6,774,0,774,1,3,1,6,0,0,18,n,845
26,66,5,9,816,0,816,1,3,1,5,1,264,45,n,1360
88,104.4,6,7,1584,1208,2792,2,5,1,8,2,520,42,n,2615
8,90.84,7,5,955,677,1632,2,3,1,8,1,462,35,n,1820
1,100,8,5,1588,0,1588,2,3,1,7,1,825,40,n,2325
30,107.8,5,5,954,0,954,1,3,1,6,0,576,25,n,1380
71,88.77,4,6,816,0,816,1,2,1,3,1,288,24,n,1055
68,72,5,6,803,557,1360,1,2,1,6,0,297,30,n,1310
39,23.68,5,6,765,600,1365,1,3,1,7,0,440,30,n,1305
32,96.5,6,5,1334,0,1334,2,2,1,6,1,630,30,n,1734
35,92.46,5,5,1656,0,1656,2,4,2,8,0,506,25,n,1405
65,41.18,4,4,693,0,693,1,2,1,4,0,0,16,n,580
4,134.5,7,5,920,941,1861,2,3,1,8,0,492,35,n,2055
34,95.6,5,7,864,0,864,1,3,1,5,0,288,35,n,1340
36,82.94,4,5,872,0,872,1,3,1,5,0,480,20,n,1285
5,136.95,6,5,1114,0,1114,1,3,1,6,0,576,30,n,1605
5,93.75,8,5,1284,885,2169,2,3,1,7,1,647,40,n,2340
81,75.58,6,6,1172,741,1913,1,3,1,9,1,342,36,n,1825
1,111.03,7,5,728,728,1456,2,3,1,8,1,440,35,n,1613.35
87,60,4,4,960,0,960,1,2,1,5,0,308,16,n,1140
38,207.81,7,7,2156,0,2156,2,3,1,9,1,508,49,n,2680
1,153.06,8,5,1776,0,1776,2,3,1,7,1,712,40,n,2889.63
9,161.96,7,5,1494,0,1494,2,3,1,5,1,514,35,n,2205
136,52.5,8,5,938,1215,2358,2,4,1,8,0,0,40,n,1275
40,116.43,5,5,1338,1296,2634,2,6,2,12,0,968,25,n,2055
46,92.47,6,6,858,858,1716,1,4,1,8,1,490,36,n,1765
72,60,6,9,786,390,1176,1,2,1,4,0,624,54,n,1404
15,147.2,8,5,2053,1185,3238,2,4,1,9,1,666,40,n,4155
8,103.16,7,5,992,873,1865,2,3,1,7,1,839,35,n,2405
38,101.92,7,6,1222,698,1920,3,4,1,8,1,487,42,n,1755
42,94.77,5,5,892,0,892,1,3,1,5,0,264,25,n,1155
39,125.37,5,6,1078,0,1078,1,3,1,6,1,500,30,n,1554
10,21.17,6,5,769,804,1573,2,3,1,5,0,440,30,n,1830
2,167.37,9,5,1980,0,1980,2,3,1,8,1,770,45,n,3205
87,98.42,5,6,990,1611,2601,3,4,1,8,0,621,30,n,1945
4,161.58,7,5,1530,0,1530,2,3,1,7,1,430,35,n,2655
89,125.13,4,4,1281,457,1738,2,4,1,7,1,368,16,n,1104
1,84.99,6,5,616,796,1412,2,3,1,6,1,432,30,n,1624.32
1,31.8,7,5,520,600,1200,2,2,1,4,0,480,35,n,1496.52
10,75,7,5,814,860,1674,2,3,1,7,0,663,35,n,2215
9,91.79,7,5,882,908,1790,2,3,1,7,0,588,35,n,1985
29,26.65,5,6,925,550,1475,2,4,1,6,1,336,30,n,1325
6,44.35,6,5,848,0,848,1,1,1,4,0,420,30,n,1495
7,106.35,8,5,1668,0,1668,2,3,1,8,1,502,40,y,2375
89,54,4,6,840,534,1374,1,2,1,6,0,338,24,y,1105
53,96,6,6,1661,0,1661,1,3,1,8,1,377,36,y,1710
8,97.5,7,6,1108,989,2097,2,3,1,8,1,583,42,y,2798
6,114,10,5,2633,0,2633,2,2,1,8,2,804,50,y,4720
3,106.25,7,5,1026,932,1958,2,3,1,9,1,936,35,y,2555
0,109.91,8,5,1571,0,1571,2,3,1,7,1,722,40,y,2445
78,62.92,6,5,790,0,790,1,2,1,4,0,160,30,y,965
68,109.98,5,5,984,620,1604,2,3,1,6,0,660,25,y,1225
33,19.53,6,5,483,504,987,1,2,1,5,0,264,30,y,885
2,97.35,5,5,754,640,1394,2,3,1,7,0,400,25,y,1730
96,82.12,3,3,864,0,864,1,2,1,5,0,200,9,y,640
38,129.25,6,7,2117,0,2117,2,4,1,7,2,550,42,y,2430
86,72,7,7,998,764,1762,1,4,1,8,0,576,49,y,1625
89,253.39,5,7,1416,0,1416,2,3,1,7,0,576,35,y,1175
70,90.6,6,5,698,560,1258,1,2,1,6,0,280,30,y,1105
88,54.36,4,8,796,358,1154,1,3,1,7,0,240,32,y,1310
28,166.92,7,5,1392,1392,2784,3,5,1,12,2,564,35,y,2555
91,85.2,6,7,1664,862,2526,2,5,1,10,1,216,42,y,1415
3,148.92,9,5,1746,0,1746,2,3,1,7,2,758,45,y,3830
66,60,6,6,869,349,1218,1,3,1,6,1,440,36,y,1365
6,91,7,5,1525,0,1525,2,3,1,6,0,541,35,y,2405
42,89.44,5,5,1584,0,1584,2,4,2,8,0,792,25,y,1295
39,78.38,5,5,900,0,900,1,3,1,6,1,288,25,y,1285
103,108,6,7,1221,691,1912,2,3,2,7,1,672,42,y,1685
0,40.45,7,5,1500,0,1500,2,2,1,6,1,648,35,y,2520.78
2,126.65,8,5,1133,1349,2482,2,4,1,9,1,642,40,y,2867.13
62,572,5,5,1687,0,1687,1,3,1,7,2,572,25,y,1655
87,61.2,5,8,939,574,1513,1,4,1,8,0,180,40,y,1430
59,72,5,4,1136,768,1904,1,3,1,7,0,240,20,y,1435
84,61.71,6,6,1160,448,1608,2,3,1,7,1,216,36,y,1429.5
79,60,6,7,950,208,1158,1,3,1,5,1,208,42,y,1255
4,74.15,6,5,864,729,1593,2,3,1,8,1,398,30,y,1985
0,67.62,7,5,1294,0,1294,2,2,1,6,1,662,35,y,1993.79
0,152.56,8,5,1464,0,1464,2,3,1,6,0,754,40,y,2884.22
91,104.1,3,4,694,520,1214,1,3,1,6,0,936,12,y,1105
4,38.42,8,5,1646,0,1646,2,2,1,5,1,482,40,y,2805
37,84.45,5,7,768,0,768,1,2,1,5,0,396,35,y,1385
24,87.8,5,5,833,0,833,1,3,1,5,0,0,25,y,1175
100,77.4,4,7,741,622,1363,1,3,1,6,0,528,28,y,1310
22,205.44,7,6,1236,857,2093,2,3,1,7,1,542,42,y,2205
8,124.2,7,5,944,896,1840,2,3,1,6,0,622,35,y,2355
59,96,6,8,1112,556,1668,1,3,1,6,0,271,48,y,1455
60,72,4,5,1040,0,1040,2,2,2,6,0,420,20,y,955
4,109.94,8,5,1844,0,1844,2,2,1,7,1,620,40,y,2625
85,130.53,6,7,1053,795,1848,1,4,1,8,1,370,42,y,2125
2,36.35,7,5,1569,0,1569,2,1,1,7,1,660,35,y,1814
125,113.4,4,6,1246,1044,2290,2,4,2,11,0,560,24,y,1280
11,165.45,8,5,1310,1140,2450,2,3,1,7,1,1069,40,y,3455
45,92.04,5,5,1144,0,1144,1,3,1,6,0,336,25,y,1295
37,163.81,6,5,1844,0,1844,2,3,1,7,1,540,30,y,2285
38,117,6,6,708,708,1416,2,3,1,7,1,776,36,y,1854
33,40.43,6,5,1069,0,1069,2,2,1,4,1,440,30,y,1330
5,44.35,6,5,848,0,848,1,1,1,3,0,420,30,y,1420
40,196.9,6,7,1575,626,2201,2,4,1,8,1,432,42,y,2804.7
49,95.03,5,5,1344,0,1344,1,2,1,6,1,484,25,y,1495
49,107.21,6,6,1252,0,1252,1,3,1,7,0,528,36,y,1475
14,109.44,7,5,1223,904,2127,2,3,1,5,2,525,35,y,2765
63,109.3,5,6,1048,510,1558,1,3,1,6,1,288,30,y,1455
70,72,5,7,804,0,804,1,2,1,4,2,240,35,y,1245
26,125.46,6,7,1440,0,1440,2,3,1,7,1,467,42,y,1884
1,219.3,5,5,734,1104,1838,2,4,1,7,1,372,25,y,1976.4
33,49.28,6,6,958,0,958,2,2,1,5,0,440,36,y,1492.5
80,108,4,6,968,0,968,2,4,1,5,0,216,24,y,700
8,102.61,6,5,962,830,1792,2,3,1,8,1,451,30,y,1920
29,174,5,5,1126,0,1126,2,3,1,5,1,484,25,y,1655
46,84,6,9,1537,0,1537,1,3,1,7,1,462,54,y,1795
36,90,4,6,864,0,864,1,3,1,5,0,528,24,y,1260
0,124.44,8,5,1932,0,1932,2,2,1,7,1,774,40,y,4001.17
53,74.07,6,7,1236,0,1236,1,2,1,6,0,923,42,y,1552
28,115.84,7,6,1040,685,1725,2,3,1,6,1,550,42,y,2025
86,115.26,6,7,1423,748,2555,2,3,1,11,1,672,42,y,1965
4,44.26,6,5,848,0,848,1,1,1,3,1,420,30,y,1548
1,110.03,10,5,1026,981,2007,2,3,1,10,1,812,50,y,3155
93,88.54,6,6,952,0,952,1,2,1,4,1,192,36,y,1265
3,85,7,5,1422,0,1422,2,3,1,7,0,626,35,y,1851
41,84,6,5,913,0,913,1,3,1,6,0,240,30,y,1345
48,261.42,5,7,1188,0,1188,1,3,1,6,0,312,35,y,1634
12,100,8,5,1220,870,2090,2,3,1,8,1,556,40,y,2455
97,117.67,4,7,796,550,1346,1,2,1,6,0,384,28,y,1175
36,15.33,5,7,630,0,630,1,1,1,3,0,0,35,y,975
35,90,5,5,896,896,1792,2,4,2,8,0,0,25,y,1415
1,92.62,8,5,1578,0,1578,2,3,1,7,1,840,40,y,2925.9
1,36.75,5,5,1072,0,1072,1,2,1,5,0,525,25,y,1505
0,172.17,5,5,1140,0,1140,1,3,1,6,0,0,25,y,900
5,75,7,5,1221,0,1221,2,2,1,6,0,400,35,y,1905
8,79.17,6,5,953,694,1647,2,3,1,7,1,460,30,y,1805
32,131.75,6,6,2073,0,2073,2,3,1,7,2,500,36,y,2155
69,90.42,7,9,1188,1152,2340,2,4,1,9,2,252,63,y,2720
60,97.17,5,6,1078,0,1078,1,2,1,5,0,240,30,y,1476.25
43,99.37,5,6,1256,0,1256,1,3,1,6,0,276,30,y,1530